Charles Erwin Wilson;https://en.wikipedia.org/wiki/Charles_Erwin_Wilson;Charles_Erwin_Wilson
Matt Hullum;https://en.wikipedia.org/wiki/Matt_Hullum;Matt_Hullum
Tomo Razmilovic;https://en.wikipedia.org/wiki/Tomo_Razmilovic;Tomo_Razmilovic
Bernard L. Schwartz;https://en.wikipedia.org/wiki/Bernard_L._Schwartz;Bernard_L._Schwartz
Jean Riachi;https://en.wikipedia.org/wiki/Jean_Riachi;Jean_Riachi
Dan Siroker;https://en.wikipedia.org/wiki/Dan_Siroker;Dan_Siroker
Avi Nir;https://en.wikipedia.org/wiki/Avi_Nir;Avi_Nir
Yisrael Katz;https://en.wikipedia.org/wiki/Yisrael_Katz_(politician,_born_1927);Yisrael_Katz_(politician,_born_1927)
Chuck Bentley;https://en.wikipedia.org/wiki/Chuck_Bentley;Chuck_Bentley
Michael Woodford;https://en.wikipedia.org/wiki/Michael_Woodford_(executive);Michael_Woodford_(executive)
Bhavish Aggarwal;https://en.wikipedia.org/wiki/Bhavish_Aggarwal;Bhavish_Aggarwal
Ivan De Witte;https://en.wikipedia.org/wiki/Ivan_De_Witte;Ivan_De_Witte
Brendan Eich;https://en.wikipedia.org/wiki/Brendan_Eich;Brendan_Eich
Tony Marryatt;https://en.wikipedia.org/wiki/Tony_Marryatt;Tony_Marryatt
Julio Herrera Velutini;https://en.wikipedia.org/wiki/Julio_Herrera_Velutini;Julio_Herrera_Velutini
Ray R. Irani;https://en.wikipedia.org/wiki/Ray_R._Irani;Ray_R._Irani
Mark Emmert;https://en.wikipedia.org/wiki/Mark_Emmert;Mark_Emmert
Christian Clausen;https://en.wikipedia.org/wiki/Christian_Clausen;Christian_Clausen
John Crowley;https://en.wikipedia.org/wiki/John_Crowley_(biotech_executive);John_Crowley_(biotech_executive)
Logan Mulvey;https://en.wikipedia.org/wiki/Logan_Mulvey;Logan_Mulvey
Clara Shih;https://en.wikipedia.org/wiki/Clara_Shih;Clara_Shih
Lars Idermark;https://en.wikipedia.org/wiki/Lars_Idermark;Lars_Idermark
Brian Goldner;https://en.wikipedia.org/wiki/Brian_Goldner;Brian_Goldner
Andrew N. Liveris;https://en.wikipedia.org/wiki/Andrew_N._Liveris;Andrew_N._Liveris
Michael Krasny;https://en.wikipedia.org/wiki/Michael_Krasny_(businessman);Michael_Krasny_(businessman)
Barbara Franklin;https://en.wikipedia.org/wiki/Barbara_Franklin;Barbara_Franklin
Bekhzod Akhmedov;https://en.wikipedia.org/wiki/Bekhzod_Akhmedov;Bekhzod_Akhmedov
Sallie Krawcheck;https://en.wikipedia.org/wiki/Sallie_Krawcheck;Sallie_Krawcheck
Brad Anderson;https://en.wikipedia.org/wiki/Brad_Anderson_(executive);Brad_Anderson_(executive)
John Fellows Akers;https://en.wikipedia.org/wiki/John_Fellows_Akers;John_Fellows_Akers
Jim Manzi;https://en.wikipedia.org/wiki/Jim_Manzi;Jim_Manzi
Tim Armstrong;https://en.wikipedia.org/wiki/Tim_Armstrong_(executive);Tim_Armstrong_(executive)
John O'Shea;https://en.wikipedia.org/wiki/John_O%27Shea_(humanitarian);John_O%27Shea_(humanitarian)
Max Hole;https://en.wikipedia.org/wiki/Max_Hole;Max_Hole
Irving Grundman;https://en.wikipedia.org/wiki/Irving_Grundman;Irving_Grundman
Richard H. Anderson;https://en.wikipedia.org/wiki/Richard_H._Anderson_(businessman);Richard_H._Anderson_(businessman)
John L. Flannery;https://en.wikipedia.org/wiki/John_L._Flannery;John_L._Flannery
Andy Anson;https://en.wikipedia.org/wiki/Andy_Anson;Andy_Anson
Keith Lamb;https://en.wikipedia.org/wiki/Keith_Lamb_(executive);Keith_Lamb_(executive)
Srinivas Kandula;https://en.wikipedia.org/wiki/Srinivas_Kandula;Srinivas_Kandula
James Cayne;https://en.wikipedia.org/wiki/James_Cayne;James_Cayne
Chua Sock Koong;https://en.wikipedia.org/wiki/Chua_Sock_Koong;Chua_Sock_Koong
Tim Costello;https://en.wikipedia.org/wiki/Tim_Costello;Tim_Costello
Brian Dyson;https://en.wikipedia.org/wiki/Brian_Dyson;Brian_Dyson
Satya Nadella;https://en.wikipedia.org/wiki/Satya_Nadella;Satya_Nadella
Neal Patterson;https://en.wikipedia.org/wiki/Neal_Patterson;Neal_Patterson
Klaus Kleinfeld;https://en.wikipedia.org/wiki/Klaus_Kleinfeld;Klaus_Kleinfeld
Jochen Zeitz;https://en.wikipedia.org/wiki/Jochen_Zeitz;Jochen_Zeitz
Rony Abovitz;https://en.wikipedia.org/wiki/Rony_Abovitz;Rony_Abovitz
Ahmed bin Saeed Al Maktoum;https://en.wikipedia.org/wiki/Ahmed_bin_Saeed_Al_Maktoum;Ahmed_bin_Saeed_Al_Maktoum
Bruce Chizen;https://en.wikipedia.org/wiki/Bruce_Chizen;Bruce_Chizen
Jacques Nasser;https://en.wikipedia.org/wiki/Jacques_Nasser;Jacques_Nasser
Mukesh Ambani;https://en.wikipedia.org/wiki/Mukesh_Ambani;Mukesh_Ambani
Mary Callahan Erdoes;https://en.wikipedia.org/wiki/Mary_Callahan_Erdoes;Mary_Callahan_Erdoes
James Quincey;https://en.wikipedia.org/wiki/James_Quincey;James_Quincey
Robert J. Sinclair;https://en.wikipedia.org/wiki/Robert_J._Sinclair;Robert_J._Sinclair
Elon Musk;https://en.wikipedia.org/wiki/Elon_Musk;Elon_Musk
Eric Schmidt;https://en.wikipedia.org/wiki/Eric_Schmidt;Eric_Schmidt
Zhou Jiping;https://en.wikipedia.org/wiki/Zhou_Jiping;Zhou_Jiping
Hubert Joly;https://en.wikipedia.org/wiki/Hubert_Joly;Hubert_Joly
Bob Reitemeier;https://en.wikipedia.org/wiki/Bob_Reitemeier;Bob_Reitemeier
Glenn Tilton;https://en.wikipedia.org/wiki/Glenn_Tilton;Glenn_Tilton
Louis C. Camilleri;https://en.wikipedia.org/wiki/Louis_C._Camilleri;Louis_C._Camilleri
Jay Hambro;https://en.wikipedia.org/wiki/Jay_Hambro;Jay_Hambro
J. Clifford Hudson;https://en.wikipedia.org/wiki/J._Clifford_Hudson;J._Clifford_Hudson
Darius Adamczyk;https://en.wikipedia.org/wiki/Darius_Adamczyk;Darius_Adamczyk
Lawrence Wong;https://en.wikipedia.org/wiki/Lawrence_Wong;Lawrence_Wong
Stefano Ranucci;https://en.wikipedia.org/wiki/Stefano_Ranucci;Stefano_Ranucci
Thomas J. McInerney;https://en.wikipedia.org/wiki/Thomas_J._McInerney;Thomas_J._McInerney
Egidius Braun;https://en.wikipedia.org/wiki/Egidius_Braun;Egidius_Braun
Benad Goldwasser;https://en.wikipedia.org/wiki/Benad_Goldwasser;Benad_Goldwasser
Herbert Fisk Johnson III;https://en.wikipedia.org/wiki/Herbert_Fisk_Johnson_III;Herbert_Fisk_Johnson_III
Peder Paus;https://en.wikipedia.org/wiki/Peder_Paus_(businessman);Peder_Paus_(businessman)
Scott McCallum;https://en.wikipedia.org/wiki/Scott_McCallum;Scott_McCallum
Philip John Burgan;https://en.wikipedia.org/wiki/Phil_Burgan;Phil_Burgan
Hans Vestberg;https://en.wikipedia.org/wiki/Hans_Vestberg;Hans_Vestberg
Gérard Mestrallet;https://en.wikipedia.org/wiki/G%C3%A9rard_Mestrallet;G%C3%A9rard_Mestrallet
Bob Ulrich;https://en.wikipedia.org/wiki/Bob_Ulrich;Bob_Ulrich
Bharat Desai;https://en.wikipedia.org/wiki/Bharat_Desai;Bharat_Desai
James L. Dolan;https://en.wikipedia.org/wiki/James_L._Dolan;James_L._Dolan
Alan Khazei;https://en.wikipedia.org/wiki/Alan_Khazei;Alan_Khazei
Tzipi Livni;https://en.wikipedia.org/wiki/Tzipi_Livni;Tzipi_Livni
Tom L. Ward;https://en.wikipedia.org/wiki/Tom_L._Ward;Tom_L._Ward
Vittorio Radice;https://en.wikipedia.org/wiki/Vittorio_Radice;Vittorio_Radice
David O. Sacks;https://en.wikipedia.org/wiki/David_O._Sacks;David_O._Sacks
Michael O'Leary;https://en.wikipedia.org/wiki/Michael_O%27Leary_(businessman);Michael_O%27Leary_(businessman)
Nicholas Chabraja;https://en.wikipedia.org/wiki/Nicholas_Chabraja;Nicholas_Chabraja
Scott C. Donnelly;https://en.wikipedia.org/wiki/Scott_C._Donnelly;Scott_C._Donnelly
William Campbell;https://en.wikipedia.org/wiki/William_Campbell_(business_executive);William_Campbell_(business_executive)
Guma Aguiar;https://en.wikipedia.org/wiki/Guma_Aguiar;Guma_Aguiar
Alexei Mordashov;https://en.wikipedia.org/wiki/Alexei_Mordashov;Alexei_Mordashov
Steve Jobs;https://en.wikipedia.org/wiki/Steve_Jobs;Steve_Jobs
Amber Kelleher-Andrews;https://en.wikipedia.org/wiki/Amber_Kelleher-Andrews;Amber_Kelleher-Andrews
Robert Nardelli;https://en.wikipedia.org/wiki/Robert_Nardelli;Robert_Nardelli
Rajeev Suri;https://en.wikipedia.org/wiki/Rajeev_Suri;Rajeev_Suri
Nancy McKinstry;https://en.wikipedia.org/wiki/Nancy_McKinstry;Nancy_McKinstry
Harry Mitchell;https://en.wikipedia.org/wiki/Harry_Mitchell_(brewer);Harry_Mitchell_(brewer)
Harry N. Walters;https://en.wikipedia.org/wiki/Harry_N._Walters;Harry_N._Walters
Mike Duke;https://en.wikipedia.org/wiki/Mike_Duke;Mike_Duke
Carol Meyrowitz;https://en.wikipedia.org/wiki/Carol_Meyrowitz;Carol_Meyrowitz
Chad Richison;https://en.wikipedia.org/wiki/Chad_Richison;Chad_Richison
Naftali Blumenthal;https://en.wikipedia.org/wiki/Naftali_Blumenthal;Naftali_Blumenthal
Theresa Gattung;https://en.wikipedia.org/wiki/Theresa_Gattung;Theresa_Gattung
Albert Van Zetten;https://en.wikipedia.org/wiki/Albert_Van_Zetten;Albert_Van_Zetten
Robert McGehee;https://en.wikipedia.org/wiki/Robert_McGehee;Robert_McGehee
Yang Hyun-suk;https://en.wikipedia.org/wiki/Yang_Hyun-suk;Yang_Hyun-suk
Matthew Szulik;https://en.wikipedia.org/wiki/Matthew_Szulik;Matthew_Szulik
Peter Goldberg;https://en.wikipedia.org/wiki/Peter_Goldberg;Peter_Goldberg
Jack Katz;https://en.wikipedia.org/wiki/Jack_Katz;Jack_Katz
Lillian Vernon;https://en.wikipedia.org/wiki/Lillian_Vernon_(businesswoman);Lillian_Vernon_(businesswoman)
Nick Varney;https://en.wikipedia.org/wiki/Nick_Varney;Nick_Varney
Rick Goings;https://en.wikipedia.org/wiki/Rick_Goings;Rick_Goings
Michael Corbat;https://en.wikipedia.org/wiki/Michael_Corbat;Michael_Corbat
Pedro Heilbron;https://en.wikipedia.org/wiki/Pedro_Heilbron;Pedro_Heilbron
Gideon Ezra;https://en.wikipedia.org/wiki/Gideon_Ezra;Gideon_Ezra
Yochanan Vollach;https://en.wikipedia.org/wiki/Yochanan_Vollach;Yochanan_Vollach
Gary Heavin;https://en.wikipedia.org/wiki/Gary_Heavin;Gary_Heavin
Roger M. Kyes;https://en.wikipedia.org/wiki/Roger_M._Kyes;Roger_M._Kyes
Dennis Muilenburg;https://en.wikipedia.org/wiki/Dennis_Muilenburg;Dennis_Muilenburg
T. K. Chand;https://en.wikipedia.org/wiki/T._K._Chand;T._K._Chand
Jane Silber;https://en.wikipedia.org/wiki/Jane_Silber;Jane_Silber
William R. Klesse;https://en.wikipedia.org/wiki/William_R._Klesse;William_R._Klesse
Ahmad Bin Byat;https://en.wikipedia.org/wiki/Ahmad_Bin_Byat;Ahmad_Bin_Byat
Timothy J. Sloan;https://en.wikipedia.org/wiki/Timothy_J._Sloan;Timothy_J._Sloan
Brady Dougan;https://en.wikipedia.org/wiki/Brady_Dougan;Brady_Dougan
Barbara Byrd-Bennett;https://en.wikipedia.org/wiki/Barbara_Byrd-Bennett;Barbara_Byrd-Bennett
Yizhar Hess;https://en.wikipedia.org/wiki/Yizhar_Hess;Yizhar_Hess
Efrat Peled;https://en.wikipedia.org/wiki/Efrat_Peled;Efrat_Peled
Moshe Schnitzer;https://en.wikipedia.org/wiki/Moshe_Schnitzer;Moshe_Schnitzer
Stephen J. Hemsley;https://en.wikipedia.org/wiki/Stephen_J._Hemsley;Stephen_J._Hemsley
Louis R. Chênevert;https://en.wikipedia.org/wiki/Louis_R._Ch%C3%AAnevert;Louis_R._Ch%C3%AAnevert
Marcelo Cardoso;https://en.wikipedia.org/wiki/Marcelo_Cardoso;Marcelo_Cardoso
Gigi Tsereteli;https://en.wikipedia.org/wiki/Gigi_Tsereteli;Gigi_Tsereteli
Jean-Charles Corbet;https://en.wikipedia.org/wiki/Jean-Charles_Corbet;Jean-Charles_Corbet
Clint Crisher;https://en.wikipedia.org/wiki/Clint_Crisher;Clint_Crisher
Brian Moynihan;https://en.wikipedia.org/wiki/Brian_Moynihan;Brian_Moynihan
Gordon Nixon;https://en.wikipedia.org/wiki/Gordon_Nixon;Gordon_Nixon
Suzuki Osamu;https://en.wikipedia.org/wiki/Osamu_Suzuki_(businessman);Osamu_Suzuki_(businessman)
Emanuel Sakel;https://en.wikipedia.org/wiki/Emanuel_Sakel;Emanuel_Sakel
Kenneth Frazier;https://en.wikipedia.org/wiki/Kenneth_Frazier;Kenneth_Frazier
Asaf Shariv;https://en.wikipedia.org/wiki/Asaf_Shariv;Asaf_Shariv
Victor Matthews, Baron Matthews;https://en.wikipedia.org/wiki/Victor_Matthews,_Baron_Matthews;Victor_Matthews,_Baron_Matthews
Jeff Bezos;https://en.wikipedia.org/wiki/Jeff_Bezos;Jeff_Bezos
Myron E. Ullman;https://en.wikipedia.org/wiki/Myron_E._Ullman;Myron_E._Ullman
John Cryan;https://en.wikipedia.org/wiki/John_Cryan;John_Cryan
Chuck Rozanski;https://en.wikipedia.org/wiki/Chuck_Rozanski;Chuck_Rozanski
Kwon Oh-hyun;https://en.wikipedia.org/wiki/Kwon_Oh-hyun;Kwon_Oh-hyun
Curt Engelhorn;https://en.wikipedia.org/wiki/Curt_Engelhorn;Curt_Engelhorn
Simon Mottram;https://en.wikipedia.org/wiki/Simon_Mottram;Simon_Mottram
Larry Page;https://en.wikipedia.org/wiki/Larry_Page;Larry_Page
Hamdi Ulukaya;https://en.wikipedia.org/wiki/Hamdi_Ulukaya;Hamdi_Ulukaya
Jamie Dimon;https://en.wikipedia.org/wiki/Jamie_Dimon;Jamie_Dimon
Yasser Elshantaf;https://en.wikipedia.org/wiki/Yasser_Elshantaf;Yasser_Elshantaf
Matt Williams;https://en.wikipedia.org/wiki/Matt_Williams_(Internet_entrepreneur);Matt_Williams_(Internet_entrepreneur)
Anne Glover;https://en.wikipedia.org/wiki/Anne_Glover_(venture_capitalist);Anne_Glover_(venture_capitalist)
Zhang Xin;https://en.wikipedia.org/wiki/Zhang_Xin_(businesswoman);Zhang_Xin_(businesswoman)
Brian Scudamore;https://en.wikipedia.org/wiki/Brian_Scudamore;Brian_Scudamore
Paul Hermelin;https://en.wikipedia.org/wiki/Paul_Hermelin;Paul_Hermelin
Daniel Akerson;https://en.wikipedia.org/wiki/Daniel_Akerson;Daniel_Akerson
Robert Singer;https://en.wikipedia.org/wiki/Robert_Singer_(Jewish_leader);Robert_Singer_(Jewish_leader)
Richard Ong;https://en.wikipedia.org/wiki/Richard_Ong;Richard_Ong
Spencer Eccles;https://en.wikipedia.org/wiki/Spencer_Eccles;Spencer_Eccles
Lyndon Rive;https://en.wikipedia.org/wiki/Lyndon_Rive;Lyndon_Rive
Philippe Dauman;https://en.wikipedia.org/wiki/Philippe_Dauman;Philippe_Dauman
Simon Festing;https://en.wikipedia.org/wiki/Simon_Festing;Simon_Festing
John K. Castle;https://en.wikipedia.org/wiki/John_K._Castle;John_K._Castle
Jordi Bertomeu;https://en.wikipedia.org/wiki/Jordi_Bertomeu;Jordi_Bertomeu
David Williams;https://en.wikipedia.org/wiki/David_Williams_(industrialist);David_Williams_(industrialist)
HiDE Kawada;https://en.wikipedia.org/wiki/HiDE_Kawada;HiDE_Kawada
Bernard Charlès;https://en.wikipedia.org/wiki/Bernard_Charl%C3%A8s;Bernard_Charl%C3%A8s
Carlos Ghosn-;https://en.wikipedia.org/wiki/Carlos_Ghosn;Carlos_Ghosn
Kevork Hovnanian;https://en.wikipedia.org/wiki/Kevork_Hovnanian;Kevork_Hovnanian
John Lynch;https://en.wikipedia.org/wiki/John_Lynch_(radio);John_Lynch_(radio)
Paulo de Azevedo;https://en.wikipedia.org/wiki/Paulo_de_Azevedo;Paulo_de_Azevedo
Andrew Kay;https://en.wikipedia.org/wiki/Andrew_Kay;Andrew_Kay
Bruton Smith;https://en.wikipedia.org/wiki/Bruton_Smith;Bruton_Smith
Jacques Corrèze;https://en.wikipedia.org/wiki/Jacques_Corr%C3%A8ze;Jacques_Corr%C3%A8ze
Thomas Dine;https://en.wikipedia.org/wiki/Tom_Dine;Tom_Dine
Tor Nessling;https://en.wikipedia.org/wiki/Tor_Nessling;Tor_Nessling
William H. Rogers, Jr.;https://en.wikipedia.org/wiki/William_H._Rogers,_Jr.;William_H._Rogers,_Jr.
Ferdinand Anton Ernst Porsche;https://en.wikipedia.org/wiki/Ferdinand_Anton_Ernst_Porsche;Ferdinand_Anton_Ernst_Porsche
Mel Karmazin;https://en.wikipedia.org/wiki/Mel_Karmazin;Mel_Karmazin
Mary Wells Lawrence;https://en.wikipedia.org/wiki/Mary_Wells_Lawrence;Mary_Wells_Lawrence
Millard Drexler;https://en.wikipedia.org/wiki/Mickey_Drexler;Mickey_Drexler
Hervé Jaubert;https://en.wikipedia.org/wiki/Herv%C3%A9_Jaubert;Herv%C3%A9_Jaubert
Aleksandras Machtas;https://en.wikipedia.org/wiki/Aleksandras_Machtas;Aleksandras_Machtas
Harold McGraw, Jr.;https://en.wikipedia.org/wiki/Harold_McGraw_Jr.;Harold_McGraw_Jr.
François Michelin;https://en.wikipedia.org/wiki/Fran%C3%A7ois_Michelin;Fran%C3%A7ois_Michelin
Lars Westerberg;https://en.wikipedia.org/wiki/Lars_Westerberg;Lars_Westerberg
Greg Sherman;https://en.wikipedia.org/wiki/Greg_Sherman;Greg_Sherman
F. Anthony Comper;https://en.wikipedia.org/wiki/F._Anthony_Comper;F._Anthony_Comper
Lawrence G. Rawl;https://en.wikipedia.org/wiki/Lawrence_G._Rawl;Lawrence_G._Rawl
Shabtai Shavit;https://en.wikipedia.org/wiki/Shabtai_Shavit;Shabtai_Shavit
Jay Pond-Jones;https://en.wikipedia.org/wiki/Jay_Pond-Jones;Jay_Pond-Jones
Cho Yang-ho;https://en.wikipedia.org/wiki/Cho_Yang-ho;Cho_Yang-ho
Bryan Meehan;https://en.wikipedia.org/wiki/Bryan_Meehan;Bryan_Meehan
Marillyn Hewson;https://en.wikipedia.org/wiki/Marillyn_Hewson;Marillyn_Hewson
Tidjane Thiam;https://en.wikipedia.org/wiki/Tidjane_Thiam;Tidjane_Thiam
Warren Anderson;https://en.wikipedia.org/wiki/Warren_Anderson_(American_businessman);Warren_Anderson_(American_businessman)
Øyvind Stene;https://en.wikipedia.org/wiki/%C3%98yvind_Stene;%C3%98yvind_Stene
Lorenzo Zambrano;https://en.wikipedia.org/wiki/Lorenzo_Zambrano;Lorenzo_Zambrano
Dean Buntrock;https://en.wikipedia.org/wiki/Dean_Buntrock;Dean_Buntrock
Amir Ashkenazi;https://en.wikipedia.org/wiki/Amir_Ashkenazi;Amir_Ashkenazi
Serguei Beloussov;https://en.wikipedia.org/wiki/Serguei_Beloussov;Serguei_Beloussov
Jon Cardella;https://en.wikipedia.org/wiki/Jon_Cardella;Jon_Cardella
Terry Considine;https://en.wikipedia.org/wiki/Terry_Considine;Terry_Considine
Anne Weyman;https://en.wikipedia.org/wiki/Anne_Weyman;Anne_Weyman
Russ Brandon;https://en.wikipedia.org/wiki/Russ_Brandon;Russ_Brandon
Risa Lavizzo-Mourey;https://en.wikipedia.org/wiki/Risa_Lavizzo-Mourey;Risa_Lavizzo-Mourey
Matthew Asinari;https://en.wikipedia.org/wiki/Matthew_Asinari;Matthew_Asinari
Mark Alessi;https://en.wikipedia.org/wiki/Mark_Alessi;Mark_Alessi
Martin Sorrell;https://en.wikipedia.org/wiki/Martin_Sorrell;Martin_Sorrell
Jim France;https://en.wikipedia.org/wiki/Jim_France;Jim_France
Paddy Cosgrave;https://en.wikipedia.org/wiki/Paddy_Cosgrave;Paddy_Cosgrave
Shimon Bejarno;https://en.wikipedia.org/wiki/Shimon_Bejarano;Shimon_Bejarano
Bill Boyer, Jr.;https://en.wikipedia.org/wiki/Bill_Boyer_Jr.;Bill_Boyer_Jr.
Carlos Slim;https://en.wikipedia.org/wiki/Carlos_Slim;Carlos_Slim
Jim Umpleby;https://en.wikipedia.org/wiki/Jim_Umpleby;Jim_Umpleby
Christoph Meinel;https://en.wikipedia.org/wiki/Christoph_Meinel;Christoph_Meinel
Lynn Tilton;https://en.wikipedia.org/wiki/Lynn_Tilton;Lynn_Tilton
A.G. Lafley;https://en.wikipedia.org/wiki/A.G._Lafley;A.G._Lafley
David Maher Roberts;https://en.wikipedia.org/wiki/David_Maher_Roberts;David_Maher_Roberts
Lars Renström;https://en.wikipedia.org/wiki/Lars_Renstr%C3%B6m;Lars_Renstr%C3%B6m
Jeff Zucker;https://en.wikipedia.org/wiki/Jeff_Zucker;Jeff_Zucker
Kathleen Corbet;https://en.wikipedia.org/wiki/Kathleen_Corbet;Kathleen_Corbet
Madhusudhan Rao Lagadapati;https://en.wikipedia.org/wiki/Madhusudhan_Rao_Lagadapati;Madhusudhan_Rao_Lagadapati
Neil Doncaster;https://en.wikipedia.org/wiki/Neil_Doncaster;Neil_Doncaster
Ursula Burns;https://en.wikipedia.org/wiki/Ursula_Burns;Ursula_Burns
Paul King;https://en.wikipedia.org/wiki/Paul_King_(chief_executive);Paul_King_(chief_executive)
Robin Li;https://en.wikipedia.org/wiki/Robin_Li;Robin_Li
Stan Sigman;https://en.wikipedia.org/wiki/Stan_Sigman;Stan_Sigman
Justin B. Smith;https://en.wikipedia.org/wiki/Justin_B._Smith;Justin_B._Smith
Robert Gordon Rogers;https://en.wikipedia.org/wiki/Robert_Gordon_Rogers;Robert_Gordon_Rogers
Rich Lesser;https://en.wikipedia.org/wiki/Rich_Lesser;Rich_Lesser
Christopher Bailey;https://en.wikipedia.org/wiki/Christopher_Bailey_(fashion_designer);Christopher_Bailey_(fashion_designer)
Uri Sagi;https://en.wikipedia.org/wiki/Uri_Sagi;Uri_Sagi
Leif-Arne Langøy;https://en.wikipedia.org/wiki/Leif-Arne_Lang%C3%B8y;Leif-Arne_Lang%C3%B8y
Kenneth Chenault;https://en.wikipedia.org/wiki/Kenneth_Chenault;Kenneth_Chenault
David Gorodyansky;https://en.wikipedia.org/wiki/David_Gorodyansky;David_Gorodyansky
Jean-François van Boxmeer;https://en.wikipedia.org/wiki/Jean-Fran%C3%A7ois_van_Boxmeer;Jean-Fran%C3%A7ois_van_Boxmeer
Luciano Belviso;https://en.wikipedia.org/wiki/Luciano_Belviso;Luciano_Belviso
Ralph S. Larsen;https://en.wikipedia.org/wiki/Ralph_S._Larsen;Ralph_S._Larsen
L. Enrique Garcia;https://en.wikipedia.org/wiki/L._Enrique_Garcia;L._Enrique_Garcia
Abigail Johnson;https://en.wikipedia.org/wiki/Abigail_Johnson;Abigail_Johnson
Shraga Goren;https://en.wikipedia.org/wiki/Shraga_Goren;Shraga_Goren
Peter Cuneo;https://en.wikipedia.org/wiki/Peter_Cuneo;Peter_Cuneo
Kushal Pal Singh;https://en.wikipedia.org/wiki/Kushal_Pal_Singh;Kushal_Pal_Singh
Tim Leiweke;https://en.wikipedia.org/wiki/Tim_Leiweke;Tim_Leiweke
Josh James;https://en.wikipedia.org/wiki/Josh_James;Josh_James
Godtfred Kirk Christiansen;https://en.wikipedia.org/wiki/Godtfred_Kirk_Christiansen;Godtfred_Kirk_Christiansen
Laurence Tisch;https://en.wikipedia.org/wiki/Laurence_Tisch;Laurence_Tisch
Rosalind Brewer;https://en.wikipedia.org/wiki/Rosalind_Brewer;Rosalind_Brewer
Ed Woodward;https://en.wikipedia.org/wiki/Ed_Woodward;Ed_Woodward
David Bernauer;https://en.wikipedia.org/wiki/David_Bernauer;David_Bernauer
Ben Silbermann;https://en.wikipedia.org/wiki/Ben_Silbermann;Ben_Silbermann
Kazuhiko Torishima;https://en.wikipedia.org/wiki/Kazuhiko_Torishima;Kazuhiko_Torishima
Pat Ross;https://en.wikipedia.org/wiki/Pat_Ross_(businessman);Pat_Ross_(businessman)
Freddy Bienstock;https://en.wikipedia.org/wiki/Freddy_Bienstock;Freddy_Bienstock
Jean-Claude Blanc;https://en.wikipedia.org/wiki/Jean-Claude_Blanc;Jean-Claude_Blanc
Prince Jacob;https://en.wikipedia.org/wiki/Prince_Jacob;Prince_Jacob
Carolus Clusius;https://en.wikipedia.org/wiki/Carolus_Clusius;Carolus_Clusius
Robert M. Bakish;https://en.wikipedia.org/wiki/Robert_Bakish;Robert_Bakish
Frank J. Petrilli;https://en.wikipedia.org/wiki/Frank_J._Petrilli;Frank_J._Petrilli
Steve Siegel;https://en.wikipedia.org/wiki/Steve_Siegel;Steve_Siegel
Steve Case;https://en.wikipedia.org/wiki/Steve_Case;Steve_Case
E. Neville Isdell;https://en.wikipedia.org/wiki/E._Neville_Isdell;E._Neville_Isdell
Reed Hastings;https://en.wikipedia.org/wiki/Reed_Hastings;Reed_Hastings
Suleiman Jasir Al-Herbish;https://en.wikipedia.org/wiki/Suleiman_Jasir_Al-Herbish;Suleiman_Jasir_Al-Herbish
Ahmad Izham Omar;https://en.wikipedia.org/wiki/Ahmad_Izham_Omar;Ahmad_Izham_Omar
David A. Sampson;https://en.wikipedia.org/wiki/David_A._Sampson;David_A._Sampson
Jason Blum;https://en.wikipedia.org/wiki/Jason_Blum;Jason_Blum
Peter B. Bennett;https://en.wikipedia.org/wiki/Peter_B._Bennett;Peter_B._Bennett
Adam Nash;https://en.wikipedia.org/wiki/Adam_Nash_(executive);Adam_Nash_(executive)
Brian L. Roberts;https://en.wikipedia.org/wiki/Brian_L._Roberts;Brian_L._Roberts
Solomon Trujillo;https://en.wikipedia.org/wiki/Sol_Trujillo;Sol_Trujillo
Alan Mulally;https://en.wikipedia.org/wiki/Alan_Mulally;Alan_Mulally
Nehama Ronen;https://en.wikipedia.org/wiki/Nehama_Ronen;Nehama_Ronen
Bentley Rayburn;https://en.wikipedia.org/wiki/Bentley_Rayburn;Bentley_Rayburn
Boris Nemšić;https://en.wikipedia.org/wiki/Boris_Nem%C5%A1i%C4%87;Boris_Nem%C5%A1i%C4%87
William Clay Ford;https://en.wikipedia.org/wiki/William_Clay_Ford_Jr.;William_Clay_Ford_Jr.
Keith Pelley;https://en.wikipedia.org/wiki/Keith_Pelley;Keith_Pelley
David Wittig;https://en.wikipedia.org/wiki/David_Wittig;David_Wittig
Dan Price;https://en.wikipedia.org/wiki/Dan_Price;Dan_Price
Emma Mulqueeny;https://en.wikipedia.org/wiki/Emma_Mulqueeny;Emma_Mulqueeny
Prem Watsa;https://en.wikipedia.org/wiki/Prem_Watsa;Prem_Watsa
Robert Louis-Dreyfus;https://en.wikipedia.org/wiki/Robert_Louis-Dreyfus;Robert_Louis-Dreyfus
Torbjörn Törnqvist;https://en.wikipedia.org/wiki/Torbj%C3%B6rn_T%C3%B6rnqvist;Torbj%C3%B6rn_T%C3%B6rnqvist
Andrew Wilson;https://en.wikipedia.org/wiki/Andrew_Wilson_(businessman);Andrew_Wilson_(businessman)
Yair Naveh;https://en.wikipedia.org/wiki/Yair_Naveh;Yair_Naveh
Antony Jenkins;https://en.wikipedia.org/wiki/Antony_Jenkins;Antony_Jenkins
Desirée Rogers;https://en.wikipedia.org/wiki/Desir%C3%A9e_Rogers;Desir%C3%A9e_Rogers
Carolyn Rafaelian;https://en.wikipedia.org/wiki/Carolyn_Rafaelian;Carolyn_Rafaelian
Chung Mong-koo;https://en.wikipedia.org/wiki/Chung_Mong-koo;Chung_Mong-koo
Yosef Maiman;https://en.wikipedia.org/wiki/Yossi_Maiman;Yossi_Maiman
Richard Lizurey;https://en.wikipedia.org/wiki/Richard_Lizurey;Richard_Lizurey
Albert Vincent Casey;https://en.wikipedia.org/wiki/Albert_Vincent_Casey;Albert_Vincent_Casey
Daniel Michael Tellep;https://en.wikipedia.org/wiki/Daniel_Michael_Tellep;Daniel_Michael_Tellep
Andrew House;https://en.wikipedia.org/wiki/Andrew_House;Andrew_House
Warren Staley;https://en.wikipedia.org/wiki/Warren_Staley;Warren_Staley
Walter Kielholz;https://en.wikipedia.org/wiki/Walter_Kielholz;Walter_Kielholz
Kent C. Nelson;https://en.wikipedia.org/wiki/Kent_C._Nelson;Kent_C._Nelson
F. Ross Johnson;https://en.wikipedia.org/wiki/F._Ross_Johnson;F._Ross_Johnson
Toivo Särkkä;https://en.wikipedia.org/wiki/Toivo_S%C3%A4rkk%C3%A4;Toivo_S%C3%A4rkk%C3%A4
JB Carlson;https://en.wikipedia.org/wiki/JB_Carlson;JB_Carlson
Bob Iger;https://en.wikipedia.org/wiki/Bob_Iger;Bob_Iger
Jeroen van der Veer;https://en.wikipedia.org/wiki/Jeroen_van_der_Veer;Jeroen_van_der_Veer
Ann S. Moore;https://en.wikipedia.org/wiki/Ann_S._Moore;Ann_S._Moore
Judy McGrath;https://en.wikipedia.org/wiki/Judy_McGrath;Judy_McGrath
Lynette Spano;https://en.wikipedia.org/wiki/Lynette_Spano;Lynette_Spano
Thor Fridriksson;https://en.wikipedia.org/wiki/%C3%9Eorsteinn_B._Fri%C3%B0riksson;%C3%9Eorsteinn_B._Fri%C3%B0riksson
Marcelo Claure;https://en.wikipedia.org/wiki/Marcelo_Claure;Marcelo_Claure
James Murdoch;https://en.wikipedia.org/wiki/James_Murdoch;James_Murdoch
Michael Diekmann;https://en.wikipedia.org/wiki/Michael_Diekmann;Michael_Diekmann
John F. Cassidy;https://en.wikipedia.org/wiki/John_F._Cassidy;John_F._Cassidy
John E. Potter;https://en.wikipedia.org/wiki/John_E._Potter;John_E._Potter
David F. Denison;https://en.wikipedia.org/wiki/David_F._Denison;David_F._Denison
Deborah Borda;https://en.wikipedia.org/wiki/Deborah_Borda;Deborah_Borda
Martin Dougiamas;https://en.wikipedia.org/wiki/Martin_Dougiamas;Martin_Dougiamas
John R. Opel;https://en.wikipedia.org/wiki/John_R._Opel;John_R._Opel
Toni Schmücker;https://en.wikipedia.org/wiki/Toni_Schm%C3%BCcker;Toni_Schm%C3%BCcker
Richard Grasso;https://en.wikipedia.org/wiki/Richard_Grasso;Richard_Grasso
Joseph Jimenez;https://en.wikipedia.org/wiki/Joseph_Jimenez;Joseph_Jimenez
Vittorio Colao;https://en.wikipedia.org/wiki/Vittorio_Colao;Vittorio_Colao
Chris DeWolfe;https://en.wikipedia.org/wiki/Chris_DeWolfe;Chris_DeWolfe
Larry Augustin;https://en.wikipedia.org/wiki/Larry_Augustin;Larry_Augustin
Gerhard Zeiler;https://en.wikipedia.org/wiki/Gerhard_Zeiler;Gerhard_Zeiler
Jean-Paul Herteman;https://en.wikipedia.org/wiki/Jean-Paul_Herteman;Jean-Paul_Herteman
Paula Williams Madison;https://en.wikipedia.org/wiki/Paula_Williams_Madison;Paula_Williams_Madison
Karen Agustiawan;https://en.wikipedia.org/wiki/Karen_Agustiawan;Karen_Agustiawan
Sheryl Sandberg;https://en.wikipedia.org/wiki/Sheryl_Sandberg;Sheryl_Sandberg
Hal Kvisle;https://en.wikipedia.org/wiki/Hal_Kvisle;Hal_Kvisle
Bob Kain;https://en.wikipedia.org/wiki/Bob_Kain;Bob_Kain
Steven Gunn;https://en.wikipedia.org/wiki/Stephen_K._Gunn;Stephen_K._Gunn
Jamel Holley;https://en.wikipedia.org/wiki/Jamel_Holley;Jamel_Holley
Steven M. Shindler;https://en.wikipedia.org/wiki/Steven_M._Shindler;Steven_M._Shindler
Zvi Alderoti;https://en.wikipedia.org/wiki/Zvi_Alderoti;Zvi_Alderoti
Fujio Cho;https://en.wikipedia.org/wiki/Fujio_Cho;Fujio_Cho
Don Blankenship;https://en.wikipedia.org/wiki/Don_Blankenship;Don_Blankenship
Robert Calcagno;https://en.wikipedia.org/wiki/Robert_Calcagno;Robert_Calcagno
Meny Hoffman;https://en.wikipedia.org/wiki/Meny_Hoffman;Meny_Hoffman
Iqbal Khan;https://en.wikipedia.org/wiki/Iqbal_Khan_(banker);Iqbal_Khan_(banker)
Arunas Chesonis;https://en.wikipedia.org/wiki/Arunas_Chesonis;Arunas_Chesonis
Jean Battersby;https://en.wikipedia.org/wiki/Jean_Battersby;Jean_Battersby
Timothy Ryan;https://en.wikipedia.org/wiki/Timothy_Ryan_(newspaper_publisher);Timothy_Ryan_(newspaper_publisher)
Miroslav Mišković;https://en.wikipedia.org/wiki/Miroslav_Mi%C5%A1kovi%C4%87;Miroslav_Mi%C5%A1kovi%C4%87
Martin Whitmarsh;https://en.wikipedia.org/wiki/Martin_Whitmarsh;Martin_Whitmarsh
Joseph H. Boardman;https://en.wikipedia.org/wiki/Joseph_H._Boardman;Joseph_H._Boardman
John A. Kaneb;https://en.wikipedia.org/wiki/John_A._Kaneb;John_A._Kaneb
Darren Woods;https://en.wikipedia.org/wiki/Darren_Woods;Darren_Woods
Ron Huberman;https://en.wikipedia.org/wiki/Ron_Huberman;Ron_Huberman
Kevin Murai;https://en.wikipedia.org/wiki/Kevin_Murai;Kevin_Murai
Kate Swann;https://en.wikipedia.org/wiki/Kate_Swann;Kate_Swann
Russell Mawby;https://en.wikipedia.org/wiki/Russell_Mawby;Russell_Mawby
Darren Huston;https://en.wikipedia.org/wiki/Darren_Huston;Darren_Huston
Augustin Paus;https://en.wikipedia.org/wiki/Augustin_Paus;Augustin_Paus
Gwyn Morgan;https://en.wikipedia.org/wiki/Gwyn_Morgan;Gwyn_Morgan
Jim Barksdale;https://en.wikipedia.org/wiki/James_L._Barksdale;James_L._Barksdale
Hans Michael Jebsen;https://en.wikipedia.org/wiki/Hans_Michael_Jebsen;Hans_Michael_Jebsen
Tom Petters;https://en.wikipedia.org/wiki/Tom_Petters;Tom_Petters
Scott Etzler;https://en.wikipedia.org/wiki/Scott_Etzler;Scott_Etzler
Andrea Jung;https://en.wikipedia.org/wiki/Andrea_Jung;Andrea_Jung
J. M. Rajaratnam;https://en.wikipedia.org/wiki/J._M._Rajaratnam;J._M._Rajaratnam
Edison James;https://en.wikipedia.org/wiki/Edison_James;Edison_James
Yaakov Peri;https://en.wikipedia.org/wiki/Yaakov_Peri;Yaakov_Peri
Todd Stitzer;https://en.wikipedia.org/wiki/Todd_Stitzer;Todd_Stitzer
Walter J. Kohler, Sr.;https://en.wikipedia.org/wiki/Walter_J._Kohler_Sr.;Walter_J._Kohler_Sr.
Minoru Mori;https://en.wikipedia.org/wiki/Minoru_Mori;Minoru_Mori
Dawud Anyabwile;https://en.wikipedia.org/wiki/Dawud_Anyabwile;Dawud_Anyabwile
Lowell McAdam;https://en.wikipedia.org/wiki/Lowell_McAdam;Lowell_McAdam
Mary F. Sammons;https://en.wikipedia.org/wiki/Mary_F._Sammons;Mary_F._Sammons
Pierre-René Lemas;https://en.wikipedia.org/wiki/Pierre-Ren%C3%A9_Lemas;Pierre-Ren%C3%A9_Lemas
Akio Toyoda;https://en.wikipedia.org/wiki/Akio_Toyoda;Akio_Toyoda
Charles F. Knight;https://en.wikipedia.org/wiki/Charles_F._Knight;Charles_F._Knight
Halim Saad;https://en.wikipedia.org/wiki/Halim_Saad;Halim_Saad
Satya Prabhakar;https://en.wikipedia.org/wiki/Satya_Prabhakar;Satya_Prabhakar
Fred Joseph;https://en.wikipedia.org/wiki/Fred_Joseph;Fred_Joseph
Syed B. Ali;https://en.wikipedia.org/wiki/Syed_B._Ali;Syed_B._Ali
Gregg Hammann;https://en.wikipedia.org/wiki/Gregg_Hammann;Gregg_Hammann
Mark Fields;https://en.wikipedia.org/wiki/Mark_Fields_(businessman);Mark_Fields_(businessman)
Fredric Tomczyk;https://en.wikipedia.org/wiki/Fredric_Tomczyk;Fredric_Tomczyk
Peter Liguori;https://en.wikipedia.org/wiki/Peter_Liguori;Peter_Liguori
Warren Barhorst;https://en.wikipedia.org/wiki/Warren_Barhorst;Warren_Barhorst
Toshio Kagami;https://en.wikipedia.org/wiki/Toshio_Kagami;Toshio_Kagami
Hossein Yassaie;https://en.wikipedia.org/wiki/Hossein_Yassaie;Hossein_Yassaie
Roknodin Javadi;https://en.wikipedia.org/wiki/Roknodin_Javadi;Roknodin_Javadi
Steven H. Collis;https://en.wikipedia.org/wiki/Steven_H._Collis;Steven_H._Collis
David Brandon;https://en.wikipedia.org/wiki/Dave_Brandon;Dave_Brandon
Marvin Ellison;https://en.wikipedia.org/wiki/Marvin_Ellison;Marvin_Ellison
Steve Burke;https://en.wikipedia.org/wiki/Steve_Burke_(businessman);Steve_Burke_(businessman)
Israel Peleg;https://en.wikipedia.org/wiki/Israel_Peleg;Israel_Peleg
Peter Terium;https://en.wikipedia.org/wiki/Peter_Terium;Peter_Terium
Gary Gannaway;https://en.wikipedia.org/wiki/Gary_Gannaway;Gary_Gannaway
Bill France;https://en.wikipedia.org/wiki/Bill_France_Sr.;Bill_France_Sr.
Talmon Marco;https://en.wikipedia.org/wiki/Talmon_Marco;Talmon_Marco
Brett Helm;https://en.wikipedia.org/wiki/Brett_Helm;Brett_Helm
John Riccitiello;https://en.wikipedia.org/wiki/John_Riccitiello;John_Riccitiello
Phaedra Ellis-Lamkins;https://en.wikipedia.org/wiki/Phaedra_Ellis-Lamkins;Phaedra_Ellis-Lamkins
Ben Page;https://en.wikipedia.org/wiki/Ben_Page_(market_researcher);Ben_Page_(market_researcher)
André Desmarais;https://en.wikipedia.org/wiki/Andr%C3%A9_Desmarais;Andr%C3%A9_Desmarais
Raanan Zilberman;https://en.wikipedia.org/wiki/Raanan_Zilberman;Raanan_Zilberman
Georg August Zenker;https://en.wikipedia.org/wiki/Georg_August_Zenker;Georg_August_Zenker
John Murray Allan;https://en.wikipedia.org/wiki/John_Allan_(businessman);John_Allan_(businessman)
David Azrieli;https://en.wikipedia.org/wiki/David_Azrieli;David_Azrieli
Frederick W. Smith;https://en.wikipedia.org/wiki/Frederick_W._Smith;Frederick_W._Smith
Brian Gallagher;https://en.wikipedia.org/wiki/Brian_Gallagher;Brian_Gallagher
Timur Kulibayev;https://en.wikipedia.org/wiki/Timur_Kulibayev;Timur_Kulibayev
Sandy Flockhart;https://en.wikipedia.org/wiki/Sandy_Flockhart;Sandy_Flockhart
Richard Jacobs;https://en.wikipedia.org/wiki/Richard_Jacobs_(businessman);Richard_Jacobs_(businessman)
Ross Levinsohn;https://en.wikipedia.org/wiki/Ross_Levinsohn;Ross_Levinsohn
Scott Davis;https://en.wikipedia.org/wiki/Scott_Davis_(businessman);Scott_Davis_(businessman)
Mary Darling;https://en.wikipedia.org/wiki/Mary_Darling;Mary_Darling
David Dillon;https://en.wikipedia.org/wiki/David_Dillon;David_Dillon
James Hackett;https://en.wikipedia.org/wiki/James_Hackett_(businessman);James_Hackett_(businessman)
Matt Ouimet;https://en.wikipedia.org/wiki/Matt_Ouimet;Matt_Ouimet
Lisa Hook;https://en.wikipedia.org/wiki/Lisa_Hook;Lisa_Hook
G. V. Prasad;https://en.wikipedia.org/wiki/G._V._Prasad;G._V._Prasad
Yeshayahu Foerder;https://en.wikipedia.org/wiki/Yeshayahu_Foerder;Yeshayahu_Foerder
Domenico Casalino;https://en.wikipedia.org/wiki/Domenico_Casalino;Domenico_Casalino
Henry Cecil Johnson;https://en.wikipedia.org/wiki/Henry_Johnson_(railway_executive);Henry_Johnson_(railway_executive)
Doug Morris;https://en.wikipedia.org/wiki/Doug_Morris;Doug_Morris
Peter F. Donnelly;https://en.wikipedia.org/wiki/Peter_F._Donnelly;Peter_F._Donnelly
Tzali Reshef;https://en.wikipedia.org/wiki/Tzali_Reshef;Tzali_Reshef
Maryse Thomas;https://en.wikipedia.org/wiki/Maryse_Thomas;Maryse_Thomas
John Savill;https://en.wikipedia.org/wiki/John_Savill;John_Savill
Harry Henshel;https://en.wikipedia.org/wiki/Harry_Henshel;Harry_Henshel
Donald W. Davis;https://en.wikipedia.org/wiki/Donald_W._Davis;Donald_W._Davis
Mary Barra;https://en.wikipedia.org/wiki/Mary_Barra;Mary_Barra
Rocco Ortenzio;https://en.wikipedia.org/wiki/Rocco_Ortenzio;Rocco_Ortenzio
Shmuel Eyal;https://en.wikipedia.org/wiki/Shmuel_Eyal;Shmuel_Eyal
Elizabeth Marincola;https://en.wikipedia.org/wiki/Elizabeth_Marincola;Elizabeth_Marincola
Yoav Ben-Tzur;https://en.wikipedia.org/wiki/Yoav_Ben-Tzur;Yoav_Ben-Tzur
Chad Hamre;https://en.wikipedia.org/wiki/Chad_Hamre;Chad_Hamre
Christina Gagnier;https://en.wikipedia.org/wiki/Christina_Gagnier;Christina_Gagnier
Divya Narendra;https://en.wikipedia.org/wiki/Divya_Narendra;Divya_Narendra
Cynthia Carroll;https://en.wikipedia.org/wiki/Cynthia_Carroll;Cynthia_Carroll
Philippe Vlerick;https://en.wikipedia.org/wiki/Philippe_Vlerick;Philippe_Vlerick
Stephen A. Schwarzman;https://en.wikipedia.org/wiki/Stephen_A._Schwarzman;Stephen_A._Schwarzman
Stephen Siegel;https://en.wikipedia.org/wiki/Stephen_Siegel;Stephen_Siegel
Helge Lund;https://en.wikipedia.org/wiki/Helge_Lund;Helge_Lund
Michael Bonsignore;https://en.wikipedia.org/wiki/Michael_Bonsignore;Michael_Bonsignore
Ian Wachtmeister;https://en.wikipedia.org/wiki/Ian_Wachtmeister;Ian_Wachtmeister
Geoffrey Sumner;https://en.wikipedia.org/wiki/Geoffrey_Sumner_(banker);Geoffrey_Sumner_(banker)
Edward Carlson;https://en.wikipedia.org/wiki/Edward_Carlson;Edward_Carlson
Nathan Birnboim;https://en.wikipedia.org/wiki/Nathan_Birnboim;Nathan_Birnboim
Aleksandr Kočetkov;https://en.wikipedia.org/wiki/Aleksandr_Ko%C4%8Detkov;Aleksandr_Ko%C4%8Detkov
Karl von der Heyden;https://en.wikipedia.org/wiki/Karl_von_der_Heyden;Karl_von_der_Heyden
Peter Burt;https://en.wikipedia.org/wiki/Peter_Burt;Peter_Burt
Percy Barnevik;https://en.wikipedia.org/wiki/Percy_Barnevik;Percy_Barnevik
Per Mørch Hansson;https://en.wikipedia.org/wiki/Per_M%C3%B8rch_Hansson;Per_M%C3%B8rch_Hansson
Robert Kotick;https://en.wikipedia.org/wiki/Bobby_Kotick;Bobby_Kotick
Arthur Raymond Halbritter;https://en.wikipedia.org/wiki/Arthur_Raymond_Halbritter;Arthur_Raymond_Halbritter
Ralph Thomas Scurfield;https://en.wikipedia.org/wiki/Ralph_Thomas_Scurfield;Ralph_Thomas_Scurfield
James Thomson;https://en.wikipedia.org/wiki/James_Thomson_(executive);James_Thomson_(executive)
Jeff Noddle;https://en.wikipedia.org/wiki/Jeff_Noddle;Jeff_Noddle
Bob Galvin;https://en.wikipedia.org/wiki/Bob_Galvin;Bob_Galvin
Leapeetswe Rapula Radiala Molotsane;https://en.wikipedia.org/wiki/Leapeetswe_Rapula_Radiala_Molotsane;Leapeetswe_Rapula_Radiala_Molotsane
John Gottschalk;https://en.wikipedia.org/wiki/John_Gottschalk;John_Gottschalk
Ralph Weber;https://en.wikipedia.org/wiki/Ralph_Weber_(businessman);Ralph_Weber_(businessman)
Vladimir Yevtushenkov;https://en.wikipedia.org/wiki/Vladimir_Yevtushenkov;Vladimir_Yevtushenkov
Brad Pelo;https://en.wikipedia.org/wiki/Brad_Pelo;Brad_Pelo
Martin J. Sullivan;https://en.wikipedia.org/wiki/Martin_J._Sullivan;Martin_J._Sullivan
Michael Chasen;https://en.wikipedia.org/wiki/Michael_Chasen;Michael_Chasen
Gerald C. Meyers;https://en.wikipedia.org/wiki/Gerald_C._Meyers;Gerald_C._Meyers
Frantz Yvelin;https://en.wikipedia.org/wiki/Frantz_Yvelin;Frantz_Yvelin
Jack Dorsey;https://en.wikipedia.org/wiki/Jack_Dorsey;Jack_Dorsey
Lisa Stevens;https://en.wikipedia.org/wiki/Lisa_Stevens;Lisa_Stevens
John S. Chen;https://en.wikipedia.org/wiki/John_S._Chen;John_S._Chen
Arnon Mantver;https://en.wikipedia.org/wiki/Arnon_Mantver;Arnon_Mantver
Rob Ryan;https://en.wikipedia.org/wiki/Rob_Ryan_(entrepreneur);Rob_Ryan_(entrepreneur)
Alexander Medvedev;https://en.wikipedia.org/wiki/Alexander_Medvedev;Alexander_Medvedev
Marc Lore;https://en.wikipedia.org/wiki/Marc_Lore;Marc_Lore
Jessica Mathews;https://en.wikipedia.org/wiki/Jessica_Mathews;Jessica_Mathews
Jim Finks;https://en.wikipedia.org/wiki/Jim_Finks;Jim_Finks
Erez Vigodman;https://en.wikipedia.org/wiki/Erez_Vigodman;Erez_Vigodman
Robert Addison Day;https://en.wikipedia.org/wiki/Robert_Addison_Day;Robert_Addison_Day
Alexander Trotman, Baron Trotman;https://en.wikipedia.org/wiki/Alexander_Trotman,_Baron_Trotman;Alexander_Trotman,_Baron_Trotman
Chanda Kochhar;https://en.wikipedia.org/wiki/Chanda_Kochhar;Chanda_Kochhar
Kinney Zalesne;https://en.wikipedia.org/wiki/Kinney_Zalesne;Kinney_Zalesne
Jeffrey Steiner;https://en.wikipedia.org/wiki/Jeffrey_Steiner;Jeffrey_Steiner
Asi Rahamim;https://en.wikipedia.org/wiki/Asi_Rahamim;Asi_Rahamim
Donald Carcieri;https://en.wikipedia.org/wiki/Donald_Carcieri;Donald_Carcieri
Vince McMahon;https://en.wikipedia.org/wiki/Vince_McMahon;Vince_McMahon
Kishore Biyani;https://en.wikipedia.org/wiki/Kishore_Biyani;Kishore_Biyani
Yossi Brodny;https://en.wikipedia.org/wiki/Yossi_Brodny;Yossi_Brodny
William Twaits;https://en.wikipedia.org/wiki/William_Twaits_(soccer);William_Twaits_(soccer)
David J. O'Reilly;https://en.wikipedia.org/wiki/David_J._O%27Reilly;David_J._O%27Reilly
Carlos Pellas Chamorro;https://en.wikipedia.org/wiki/Carlos_Pellas_Chamorro;Carlos_Pellas_Chamorro
Jean-Cyril Spinetta;https://en.wikipedia.org/wiki/Jean-Cyril_Spinetta;Jean-Cyril_Spinetta
Michael L. Eskew;https://en.wikipedia.org/wiki/Michael_L._Eskew;Michael_L._Eskew
Shahar Botzer;https://en.wikipedia.org/wiki/Shahar_Botzer;Shahar_Botzer
Henry Schacht;https://en.wikipedia.org/wiki/Henry_Schacht;Henry_Schacht
Jean-Paul Chifflet;https://en.wikipedia.org/wiki/Jean-Paul_Chifflet;Jean-Paul_Chifflet
Dan Gillerman;https://en.wikipedia.org/wiki/Dan_Gillerman;Dan_Gillerman
Scott Austin;https://en.wikipedia.org/wiki/Scott_Austin;Scott_Austin
David Simon;https://en.wikipedia.org/wiki/David_Simon_(CEO);David_Simon_(CEO)
Georges Philippar;https://en.wikipedia.org/wiki/Georges_Philippar;Georges_Philippar
Robert L. Fornaro;https://en.wikipedia.org/wiki/Robert_L._Fornaro;Robert_L._Fornaro
Jiang Jianqing;https://en.wikipedia.org/wiki/Jiang_Jianqing;Jiang_Jianqing
Martin Winterkorn;https://en.wikipedia.org/wiki/Martin_Winterkorn;Martin_Winterkorn
John Loeffler;https://en.wikipedia.org/wiki/John_Loeffler;John_Loeffler
Ya'akov Geri;https://en.wikipedia.org/wiki/Ya%27akov_Geri;Ya%27akov_Geri
Roger Ailes;https://en.wikipedia.org/wiki/Roger_Ailes;Roger_Ailes
Jeff Immelt;https://en.wikipedia.org/wiki/Jeff_Immelt;Jeff_Immelt
Anthony Rushton;https://en.wikipedia.org/wiki/Anthony_Rushton;Anthony_Rushton
Wes Lucas;https://en.wikipedia.org/wiki/Wes_Lucas;Wes_Lucas
George Galloway;https://en.wikipedia.org/wiki/George_Galloway_(parachute_maker);George_Galloway_(parachute_maker)
George Zoley;https://en.wikipedia.org/wiki/George_Zoley;George_Zoley
Stuart Bradie;https://en.wikipedia.org/wiki/Stuart_Bradie;Stuart_Bradie
Campbell Rose;https://en.wikipedia.org/wiki/Campbell_Rose;Campbell_Rose
Prithvi Raj Singh Oberoi;https://en.wikipedia.org/wiki/Prithvi_Raj_Singh_Oberoi;Prithvi_Raj_Singh_Oberoi
John Strangfeld;https://en.wikipedia.org/wiki/John_Strangfeld;John_Strangfeld
Keshav R Murugesh;https://en.wikipedia.org/wiki/Keshav_R_Murugesh;Keshav_R_Murugesh
Giora Eiland;https://en.wikipedia.org/wiki/Giora_Eiland;Giora_Eiland
Cilla Snowball;https://en.wikipedia.org/wiki/Cilla_Snowball;Cilla_Snowball
Carsten Maschmeyer;https://en.wikipedia.org/wiki/Carsten_Maschmeyer;Carsten_Maschmeyer
Jean Baptiste August Kessler;https://en.wikipedia.org/wiki/Jean_Baptiste_August_Kessler;Jean_Baptiste_August_Kessler
Maggie Wilderotter;https://en.wikipedia.org/wiki/Maggie_Wilderotter;Maggie_Wilderotter
John Fawcett;https://en.wikipedia.org/wiki/John_Fawcett_(entrepreneur);John_Fawcett_(entrepreneur)
Jamie Hyneman;https://en.wikipedia.org/wiki/Jamie_Hyneman;Jamie_Hyneman
Frits van Paasschen;https://en.wikipedia.org/wiki/Frits_van_Paasschen;Frits_van_Paasschen
Donn Tatum;https://en.wikipedia.org/wiki/Donn_Tatum;Donn_Tatum
Heather Bresch;https://en.wikipedia.org/wiki/Heather_Bresch;Heather_Bresch
Uli Hoeneß;https://en.wikipedia.org/wiki/Uli_Hoene%C3%9F;Uli_Hoene%C3%9F
Thorsten Heins;https://en.wikipedia.org/wiki/Thorsten_Heins;Thorsten_Heins
Richard Carrión;https://en.wikipedia.org/wiki/Richard_Carri%C3%B3n;Richard_Carri%C3%B3n
Garo H. Armen;https://en.wikipedia.org/wiki/Garo_H._Armen;Garo_H._Armen
David Lichtenstein;https://en.wikipedia.org/wiki/David_Lichtenstein;David_Lichtenstein
Mark Thompson;https://en.wikipedia.org/wiki/Mark_Thompson_(media_executive);Mark_Thompson_(media_executive)
Irene Rosenfeld;https://en.wikipedia.org/wiki/Irene_Rosenfeld;Irene_Rosenfeld
Michael Szymanczyk;https://en.wikipedia.org/wiki/Michael_Szymanczyk;Michael_Szymanczyk
Jason Peterson;https://en.wikipedia.org/wiki/Jason_Peterson;Jason_Peterson
Terry J. Lundgren;https://en.wikipedia.org/wiki/Terry_J._Lundgren;Terry_J._Lundgren
Francisco D'Souza;https://en.wikipedia.org/wiki/Francisco_D%27Souza;Francisco_D%27Souza
Luigi Roth;https://en.wikipedia.org/wiki/Luigi_Roth;Luigi_Roth
Toxey Haas;https://en.wikipedia.org/wiki/Toxey_Haas;Toxey_Haas
Greg Hywood;https://en.wikipedia.org/wiki/Greg_Hywood;Greg_Hywood
Brad Hall;https://en.wikipedia.org/wiki/Brad_Hall_(producer);Brad_Hall_(producer)
Todd Sampson;https://en.wikipedia.org/wiki/Todd_Sampson;Todd_Sampson
Jan-Åke Jonsson;https://en.wikipedia.org/wiki/Jan-%C3%85ke_Jonsson;Jan-%C3%85ke_Jonsson
Tom Enders;https://en.wikipedia.org/wiki/Tom_Enders;Tom_Enders
Joseph Saunders;https://en.wikipedia.org/wiki/Joseph_Saunders;Joseph_Saunders
Jeffrey Bewkes;https://en.wikipedia.org/wiki/Jeff_Bewkes;Jeff_Bewkes
Ingar Skaug;https://en.wikipedia.org/wiki/Ingar_Skaug;Ingar_Skaug
Eyal Ofer;https://en.wikipedia.org/wiki/Eyal_Ofer;Eyal_Ofer
Doug McMillon;https://en.wikipedia.org/wiki/Doug_McMillon;Doug_McMillon
Hans-Paul Bürkner;https://en.wikipedia.org/wiki/Hans-Paul_B%C3%BCrkner;Hans-Paul_B%C3%BCrkner
Steven Rogel;https://en.wikipedia.org/wiki/Steven_Rogel;Steven_Rogel
Kurt Lotz;https://en.wikipedia.org/wiki/Kurt_Lotz;Kurt_Lotz
Charles Green;https://en.wikipedia.org/wiki/Charles_Green_(businessman);Charles_Green_(businessman)
Seth Berkley;https://en.wikipedia.org/wiki/Seth_Berkley;Seth_Berkley
Michael Lynton;https://en.wikipedia.org/wiki/Michael_Lynton;Michael_Lynton
Brian J. Dunn;https://en.wikipedia.org/wiki/Brian_J._Dunn;Brian_J._Dunn
Pierre Boivin;https://en.wikipedia.org/wiki/Pierre_Boivin;Pierre_Boivin
Ron Johnson;https://en.wikipedia.org/wiki/Ron_Johnson_(businessman);Ron_Johnson_(businessman)
Gerlach Cerfontaine;https://en.wikipedia.org/wiki/Gerlach_Cerfontaine;Gerlach_Cerfontaine
Donald Trump;https://en.wikipedia.org/wiki/Donald_Trump;Donald_Trump
Card Walker;https://en.wikipedia.org/wiki/Card_Walker;Card_Walker
Alfred Chuang;https://en.wikipedia.org/wiki/Alfred_Chuang;Alfred_Chuang
Michael Brown;https://en.wikipedia.org/wiki/Michael_Brown_(City_Year);Michael_Brown_(City_Year)
Yaakov Banai;https://en.wikipedia.org/wiki/Yaakov_Banai;Yaakov_Banai
Mike Cannon-Brookes;https://en.wikipedia.org/wiki/Mike_Cannon-Brookes;Mike_Cannon-Brookes
Eli Hurvitz;https://en.wikipedia.org/wiki/Eli_Hurvitz;Eli_Hurvitz
Yehuda Glick;https://en.wikipedia.org/wiki/Yehuda_Glick;Yehuda_Glick
Carl Fredrik Holmboe;https://en.wikipedia.org/wiki/Carl_Fredrik_Holmboe;Carl_Fredrik_Holmboe
James Hogan;https://en.wikipedia.org/wiki/James_Hogan_(businessman);James_Hogan_(businessman)
Brian France;https://en.wikipedia.org/wiki/Brian_France;Brian_France
Tung Chan;https://en.wikipedia.org/wiki/Tung_Chan;Tung_Chan
Lisa Su;https://en.wikipedia.org/wiki/Lisa_Su;Lisa_Su
Richard Notebaert;https://en.wikipedia.org/wiki/Richard_Notebaert;Richard_Notebaert
Harvey Kaye;https://en.wikipedia.org/wiki/Harvey_Kaye_(university_administrator);Harvey_Kaye_(university_administrator)
Reginald Boulos;https://en.wikipedia.org/wiki/Reginald_Boulos;Reginald_Boulos
Alan L. Boeckmann;https://en.wikipedia.org/wiki/Alan_L._Boeckmann;Alan_L._Boeckmann
Lee Kun-hee;https://en.wikipedia.org/wiki/Lee_Kun-hee;Lee_Kun-hee
Angela Spindler;https://en.wikipedia.org/wiki/Angela_Spindler;Angela_Spindler
Philippe Wahl;https://en.wikipedia.org/wiki/Philippe_Wahl;Philippe_Wahl
Vincent de Coorebyter;https://en.wikipedia.org/wiki/Vincent_de_Coorebyter;Vincent_de_Coorebyter
Andy Palmer;https://en.wikipedia.org/wiki/Andy_Palmer;Andy_Palmer
Marissa Mayer;https://en.wikipedia.org/wiki/Marissa_Mayer;Marissa_Mayer
Chris Beard;https://en.wikipedia.org/wiki/Chris_Beard_(executive);Chris_Beard_(executive)
Kevin Tsujihara;https://en.wikipedia.org/wiki/Kevin_Tsujihara;Kevin_Tsujihara
Robert Noel;https://en.wikipedia.org/wiki/Robert_Noel_(businessman);Robert_Noel_(businessman)
Ratmir Timashev;https://en.wikipedia.org/wiki/Ratmir_Timashev;Ratmir_Timashev
Dion Weisler;https://en.wikipedia.org/wiki/Dion_Weisler;Dion_Weisler
David W. Crane;https://en.wikipedia.org/wiki/David_W._Crane;David_W._Crane
Germán Larrea Mota-Velasco;https://en.wikipedia.org/wiki/Germ%C3%A1n_Larrea_Mota-Velasco;Germ%C3%A1n_Larrea_Mota-Velasco
Kjell Olav A. Maldum;https://en.wikipedia.org/wiki/Kjell_Olav_A._Maldum;Kjell_Olav_A._Maldum
Stanisław Kluza;https://en.wikipedia.org/wiki/Stanis%C5%82aw_Kluza;Stanis%C5%82aw_Kluza
Matthias Müller;https://en.wikipedia.org/wiki/Matthias_M%C3%BCller_(businessman);Matthias_M%C3%BCller_(businessman)
Susan Wojcicki;https://en.wikipedia.org/wiki/Susan_Wojcicki;Susan_Wojcicki
Walter Kwok;https://en.wikipedia.org/wiki/Walter_Kwok;Walter_Kwok
Stephen Elop;https://en.wikipedia.org/wiki/Stephen_Elop;Stephen_Elop
August Anheuser Busch, Sr.;https://en.wikipedia.org/wiki/August_Anheuser_Busch_Sr.;August_Anheuser_Busch_Sr.
Michael Dell;https://en.wikipedia.org/wiki/Michael_Dell;Michael_Dell
Rodger O. Riney;https://en.wikipedia.org/wiki/Rodger_O._Riney;Rodger_O._Riney
William R. Johnson;https://en.wikipedia.org/wiki/William_R._Johnson;William_R._Johnson
Meg Whitman;https://en.wikipedia.org/wiki/Meg_Whitman;Meg_Whitman
Eugene Melnyk;https://en.wikipedia.org/wiki/Eugene_Melnyk;Eugene_Melnyk
Murray D. Martin;https://en.wikipedia.org/wiki/Murray_D._Martin;Murray_D._Martin
Dinesh Saparamadu;https://en.wikipedia.org/wiki/Dinesh_Saparamadu;Dinesh_Saparamadu
Jacqueline Gold;https://en.wikipedia.org/wiki/Jacqueline_Gold;Jacqueline_Gold
Ian Read;https://en.wikipedia.org/wiki/Ian_Read;Ian_Read
Alex Anthopoulos;https://en.wikipedia.org/wiki/Alex_Anthopoulos;Alex_Anthopoulos
Bruce Simmonds;https://en.wikipedia.org/wiki/Bruce_Simmonds;Bruce_Simmonds
J Allard;https://en.wikipedia.org/wiki/J_Allard;J_Allard
Roger Krone;https://en.wikipedia.org/wiki/Roger_Krone;Roger_Krone
Henry McKinnell;https://en.wikipedia.org/wiki/Henry_McKinnell;Henry_McKinnell
Adolphus Vorstius;https://en.wikipedia.org/wiki/Adolphus_Vorstius;Adolphus_Vorstius
Eiji Toyoda;https://en.wikipedia.org/wiki/Eiji_Toyoda;Eiji_Toyoda
Lee Styslinger III;https://en.wikipedia.org/wiki/Lee_Styslinger_III;Lee_Styslinger_III
Harry Gray;https://en.wikipedia.org/wiki/Harry_Gray_(business);Harry_Gray_(business)
Shabs Jobanputra;https://en.wikipedia.org/wiki/Shabs_Jobanputra;Shabs_Jobanputra
Frederic Oudéa;https://en.wikipedia.org/wiki/Fr%C3%A9d%C3%A9ric_Oud%C3%A9a;Fr%C3%A9d%C3%A9ric_Oud%C3%A9a
Tony Aquila;https://en.wikipedia.org/wiki/Tony_Aquila;Tony_Aquila
William David Butler-Adams;https://en.wikipedia.org/wiki/Will_Butler-Adams;Will_Butler-Adams
Yuval Zellner;https://en.wikipedia.org/wiki/Yuval_Zellner;Yuval_Zellner
Stefano Pessina;https://en.wikipedia.org/wiki/Stefano_Pessina;Stefano_Pessina
Richard Fairbank;https://en.wikipedia.org/wiki/Richard_Fairbank;Richard_Fairbank
Henry Ford II;https://en.wikipedia.org/wiki/Henry_Ford_II;Henry_Ford_II
Joe B. Foster;https://en.wikipedia.org/wiki/Joe_B._Foster;Joe_B._Foster
Ulrich Körner;https://en.wikipedia.org/wiki/Ulrich_K%C3%B6rner;Ulrich_K%C3%B6rner
Paul D. House;https://en.wikipedia.org/wiki/Paul_D._House;Paul_D._House
Vishal Sikka;https://en.wikipedia.org/wiki/Vishal_Sikka;Vishal_Sikka
Jacques Rousselot;https://en.wikipedia.org/wiki/Jacques_Rousselot;Jacques_Rousselot
Andrew James Bond;https://en.wikipedia.org/wiki/Andrew_James_Bond;Andrew_James_Bond
William Sachiti;https://en.wikipedia.org/wiki/William_Sachiti;William_Sachiti
Jeffrey Zients;https://en.wikipedia.org/wiki/Jeffrey_Zients;Jeffrey_Zients
Orna Angel;https://en.wikipedia.org/wiki/Orna_Angel;Orna_Angel
David Golomb;https://en.wikipedia.org/wiki/David_Golomb;David_Golomb
Hubert Sagnières;https://en.wikipedia.org/wiki/Hubert_Sagni%C3%A8res;Hubert_Sagni%C3%A8res
David French;https://en.wikipedia.org/wiki/David_French_(charity_administrator);David_French_(charity_administrator)
Jed York;https://en.wikipedia.org/wiki/Jed_York;Jed_York
Jeffrey Montgomery;https://en.wikipedia.org/wiki/Jeffrey_Montgomery;Jeffrey_Montgomery
Peter Löscher;https://en.wikipedia.org/wiki/Peter_L%C3%B6scher;Peter_L%C3%B6scher
Vivek Bhaskaran;https://en.wikipedia.org/wiki/Vivek_Bhaskaran;Vivek_Bhaskaran
Wolfgang Wahlster;https://en.wikipedia.org/wiki/Wolfgang_Wahlster;Wolfgang_Wahlster
Denise Morrison;https://en.wikipedia.org/wiki/Denise_Morrison;Denise_Morrison
Günther Fielmann;https://en.wikipedia.org/wiki/G%C3%BCnther_Fielmann;G%C3%BCnther_Fielmann
Bruce Henderson;https://en.wikipedia.org/wiki/Bruce_Henderson;Bruce_Henderson
Chey Tae-won;https://en.wikipedia.org/wiki/Chey_Tae-won;Chey_Tae-won
Dick Boer;https://en.wikipedia.org/wiki/Dick_Boer;Dick_Boer
François-Henri Pinault;https://en.wikipedia.org/wiki/Fran%C3%A7ois-Henri_Pinault;Fran%C3%A7ois-Henri_Pinault
Smitthi Bhiraleus;https://en.wikipedia.org/wiki/Smitthi_Bhiraleus;Smitthi_Bhiraleus
Richard Dugas Jr.;https://en.wikipedia.org/wiki/Richard_Dugas_Jr.;Richard_Dugas_Jr.
Ruth Ziolkowski;https://en.wikipedia.org/wiki/Ruth_Ziolkowski;Ruth_Ziolkowski
Kåre Schultz;https://en.wikipedia.org/wiki/K%C3%A5re_Schultz;K%C3%A5re_Schultz
Andreas Mechwart von Belecska;https://en.wikipedia.org/wiki/Andr%C3%A1s_Mechwart;Andr%C3%A1s_Mechwart
Ben van Beurden;https://en.wikipedia.org/wiki/Ben_van_Beurden;Ben_van_Beurden
Ben Verwaayen;https://en.wikipedia.org/wiki/Ben_Verwaayen;Ben_Verwaayen
Efi Arazi;https://en.wikipedia.org/wiki/Efi_Arazi;Efi_Arazi
Jeff Raikes;https://en.wikipedia.org/wiki/Jeff_Raikes;Jeff_Raikes
Claes-Ulrik Winberg;https://en.wikipedia.org/wiki/Claes-Ulrik_Winberg;Claes-Ulrik_Winberg
Jean-Claude Brizard;https://en.wikipedia.org/wiki/Jean-Claude_Brizard;Jean-Claude_Brizard
Mark Zuckerberg;https://en.wikipedia.org/wiki/Mark_Zuckerberg;Mark_Zuckerberg
Allan Søgaard Larsen;https://en.wikipedia.org/wiki/Allan_S%C3%B8gaard_Larsen;Allan_S%C3%B8gaard_Larsen
Martin Bouygues;https://en.wikipedia.org/wiki/Martin_Bouygues;Martin_Bouygues
Dilip Shanghvi;https://en.wikipedia.org/wiki/Dilip_Shanghvi;Dilip_Shanghvi
Anne-Marie Slaughter;https://en.wikipedia.org/wiki/Anne-Marie_Slaughter;Anne-Marie_Slaughter
Roy E. Disney;https://en.wikipedia.org/wiki/Roy_E._Disney;Roy_E._Disney
Mark N. Greene;https://en.wikipedia.org/wiki/Mark_N._Greene;Mark_N._Greene
Jes Staley;https://en.wikipedia.org/wiki/Jes_Staley;Jes_Staley
Monica C. Lozano;https://en.wikipedia.org/wiki/Monica_C._Lozano;Monica_C._Lozano
Dominic Barton;https://en.wikipedia.org/wiki/Dominic_Barton;Dominic_Barton
Ulf G. Lindén;https://en.wikipedia.org/wiki/Ulf_G._Lind%C3%A9n;Ulf_G._Lind%C3%A9n
Calisto Tanzi;https://en.wikipedia.org/wiki/Calisto_Tanzi;Calisto_Tanzi
Platon Lebedev;https://en.wikipedia.org/wiki/Platon_Lebedev;Platon_Lebedev
Joseph R. Swedish;https://en.wikipedia.org/wiki/Joseph_R._Swedish;Joseph_R._Swedish
Shameel Joosub;https://en.wikipedia.org/wiki/Shameel_Joosub;Shameel_Joosub
Herna Verhagen;https://en.wikipedia.org/wiki/Herna_Verhagen;Herna_Verhagen
David Stern;https://en.wikipedia.org/wiki/David_Stern_(Israeli_politician);David_Stern_(Israeli_politician)
Maxine Fassberg;https://en.wikipedia.org/wiki/Maxine_Fassberg;Maxine_Fassberg
David Haigh;https://en.wikipedia.org/wiki/David_Haigh;David_Haigh
Derek Burney Jr.;https://en.wikipedia.org/wiki/Derek_Burney_Jr.;Derek_Burney_Jr.
Thomas W. LaSorda;https://en.wikipedia.org/wiki/Thomas_W._LaSorda;Thomas_W._LaSorda
Jamie Kellner;https://en.wikipedia.org/wiki/Jamie_Kellner;Jamie_Kellner
Hamid Akhavan;https://en.wikipedia.org/wiki/Hamid_Akhavan;Hamid_Akhavan
Doug Parker;https://en.wikipedia.org/wiki/Doug_Parker;Doug_Parker
Eric Stanley;https://en.wikipedia.org/wiki/Eric_Stanley_(violinist);Eric_Stanley_(violinist)
Fritz Schur;https://en.wikipedia.org/wiki/Fritz_Schur;Fritz_Schur
Jason Flom;https://en.wikipedia.org/wiki/Jason_Flom;Jason_Flom
Phebe Novakovic;https://en.wikipedia.org/wiki/Phebe_Novakovic;Phebe_Novakovic
Yisrael Hasson;https://en.wikipedia.org/wiki/Yisrael_Hasson;Yisrael_Hasson
Thornton Wilson;https://en.wikipedia.org/wiki/Thornton_Wilson;Thornton_Wilson
Pete Lau;https://en.wikipedia.org/wiki/Pete_Lau;Pete_Lau
William Black, Baron Black;https://en.wikipedia.org/wiki/William_Black,_Baron_Black;William_Black,_Baron_Black
Bernard Ebbers;https://en.wikipedia.org/wiki/Bernard_Ebbers;Bernard_Ebbers
Francesco Starace;https://en.wikipedia.org/wiki/Francesco_Starace;Francesco_Starace
Louis Schweitzer;https://en.wikipedia.org/wiki/Louis_Schweitzer_(businessman);Louis_Schweitzer_(businessman)
José María Álvarez-Pallete;https://en.wikipedia.org/wiki/Jos%C3%A9_Mar%C3%ADa_%C3%81lvarez-Pallete;Jos%C3%A9_Mar%C3%ADa_%C3%81lvarez-Pallete
Ovadia Eli;https://en.wikipedia.org/wiki/Ovadia_Eli;Ovadia_Eli
Patrick Soon-Shiong;https://en.wikipedia.org/wiki/Patrick_Soon-Shiong;Patrick_Soon-Shiong
Avi Gabbay;https://en.wikipedia.org/wiki/Avi_Gabbay;Avi_Gabbay
James L. Moore III;https://en.wikipedia.org/wiki/James_L._Moore_III;James_L._Moore_III
Sally Jewell;https://en.wikipedia.org/wiki/Sally_Jewell;Sally_Jewell
Shirley Hoy;https://en.wikipedia.org/wiki/Shirley_Hoy;Shirley_Hoy
Stanley Sarnoff;https://en.wikipedia.org/wiki/Stanley_Sarnoff;Stanley_Sarnoff
Erik Bødtker Øyno;https://en.wikipedia.org/wiki/Erik_B%C3%B8dtker_%C3%98yno;Erik_B%C3%B8dtker_%C3%98yno
Shaygan Kheradpir;https://en.wikipedia.org/wiki/Shaygan_Kheradpir;Shaygan_Kheradpir
Mordechai-Haim Stern;https://en.wikipedia.org/wiki/Mordechai-Haim_Stern;Mordechai-Haim_Stern
Jerry York;https://en.wikipedia.org/wiki/Jerry_York_(businessman);Jerry_York_(businessman)
Fabrice Brégier;https://en.wikipedia.org/wiki/Fabrice_Br%C3%A9gier;Fabrice_Br%C3%A9gier
Dean Hachamovitch;https://en.wikipedia.org/wiki/Dean_Hachamovitch;Dean_Hachamovitch
Harold Goddijn;https://en.wikipedia.org/wiki/Harold_Goddijn;Harold_Goddijn
Abidali Neemuchwala;https://en.wikipedia.org/wiki/Abidali_Neemuchwala;Abidali_Neemuchwala
Maurice Lévy;https://en.wikipedia.org/wiki/Maurice_L%C3%A9vy_(Publicis);Maurice_L%C3%A9vy_(Publicis)
Frank Appel;https://en.wikipedia.org/wiki/Frank_Appel;Frank_Appel
Juha Wuolijoki;https://en.wikipedia.org/wiki/Juha_Wuolijoki;Juha_Wuolijoki
Ian Hogarth;https://en.wikipedia.org/wiki/Ian_Hogarth;Ian_Hogarth
John Scarlett;https://en.wikipedia.org/wiki/John_Scarlett;John_Scarlett
Olli Haikka;https://en.wikipedia.org/wiki/Olli_Haikka;Olli_Haikka
Rudi Thomaes;https://en.wikipedia.org/wiki/Rudi_Thomaes;Rudi_Thomaes
Leonid Mikhelson;https://en.wikipedia.org/wiki/Leonid_Mikhelson;Leonid_Mikhelson
Phil Schiller;https://en.wikipedia.org/wiki/Phil_Schiller;Phil_Schiller
Yosef Shofman;https://en.wikipedia.org/wiki/Yosef_Shofman;Yosef_Shofman
Guy Laliberté;https://en.wikipedia.org/wiki/Guy_Lalibert%C3%A9;Guy_Lalibert%C3%A9
Angela Ahrendts;https://en.wikipedia.org/wiki/Angela_Ahrendts;Angela_Ahrendts
Guy Dollé;https://en.wikipedia.org/wiki/Guy_Doll%C3%A9;Guy_Doll%C3%A9
Quint Davis;https://en.wikipedia.org/wiki/Quint_Davis;Quint_Davis
Tatsumi Kimishima;https://en.wikipedia.org/wiki/Tatsumi_Kimishima;Tatsumi_Kimishima
Isaac Larian;https://en.wikipedia.org/wiki/Isaac_Larian;Isaac_Larian
Ofer Hugi;https://en.wikipedia.org/wiki/Ofer_Hugi;Ofer_Hugi
Richard B. Brewer;https://en.wikipedia.org/wiki/Richard_B._Brewer;Richard_B._Brewer
Jean-Pascal Tricoire;https://en.wikipedia.org/wiki/Jean-Pascal_Tricoire;Jean-Pascal_Tricoire
Anne M. Mulcahy;https://en.wikipedia.org/wiki/Anne_M._Mulcahy;Anne_M._Mulcahy
Katrien Meire;https://en.wikipedia.org/wiki/Katrien_Meire;Katrien_Meire
Gerald Hassell;https://en.wikipedia.org/wiki/Gerald_Hassell;Gerald_Hassell
Randy Bernard;https://en.wikipedia.org/wiki/Randy_Bernard;Randy_Bernard
Kobi Alexander;https://en.wikipedia.org/wiki/Kobi_Alexander;Kobi_Alexander
Bjorn Rebney;https://en.wikipedia.org/wiki/Bjorn_Rebney;Bjorn_Rebney
Henri de Castries;https://en.wikipedia.org/wiki/Henri_de_Castries;Henri_de_Castries
David Vanacore;https://en.wikipedia.org/wiki/David_Vanacore;David_Vanacore
Scott Flanders;https://en.wikipedia.org/wiki/Scott_Flanders;Scott_Flanders
Sergio Ermotti;https://en.wikipedia.org/wiki/Sergio_Ermotti;Sergio_Ermotti
Jay Walder;https://en.wikipedia.org/wiki/Jay_Walder;Jay_Walder
Abdul Aziz Al Ghurair;https://en.wikipedia.org/wiki/Abdul_Aziz_Al_Ghurair;Abdul_Aziz_Al_Ghurair
Ester Graff;https://en.wikipedia.org/wiki/Ester_Graff;Ester_Graff
Timothy Boyle;https://en.wikipedia.org/wiki/Timothy_Boyle;Timothy_Boyle
Eric Daniels;https://en.wikipedia.org/wiki/Eric_Daniels;Eric_Daniels
Michael R. Eisenson;https://en.wikipedia.org/wiki/Michael_R._Eisenson;Michael_R._Eisenson
Thomas Horton;https://en.wikipedia.org/wiki/Thomas_W._Horton;Thomas_W._Horton
James Lindenberg;https://en.wikipedia.org/wiki/James_Lindenberg;James_Lindenberg
Héctor Magnetto;https://en.wikipedia.org/wiki/H%C3%A9ctor_Magnetto;H%C3%A9ctor_Magnetto
Bernard Sabrier;https://en.wikipedia.org/wiki/Bernard_Sabrier;Bernard_Sabrier
Pierre-Olivier Beckers;https://en.wikipedia.org/wiki/Pierre-Olivier_Beckers-Vieujant;Pierre-Olivier_Beckers-Vieujant
Michele Jolin;https://en.wikipedia.org/wiki/Michele_Jolin;Michele_Jolin
Don Thompson;https://en.wikipedia.org/wiki/Don_Thompson_(executive);Don_Thompson_(executive)
John Delaney;https://en.wikipedia.org/wiki/John_Delaney_(football_administrator);John_Delaney_(football_administrator)
Jennifer Childs-Roshak;https://en.wikipedia.org/wiki/Jennifer_Childs-Roshak;Jennifer_Childs-Roshak
Yoichi Wada;https://en.wikipedia.org/wiki/Yoichi_Wada;Yoichi_Wada
Jayne-Anne Gadhia;https://en.wikipedia.org/wiki/Jayne-Anne_Gadhia;Jayne-Anne_Gadhia
Shellye Archambeau;https://en.wikipedia.org/wiki/Shellye_Archambeau;Shellye_Archambeau
Steen Riisgaard;https://en.wikipedia.org/wiki/Steen_Riisgaard;Steen_Riisgaard
Robert Stuart;https://en.wikipedia.org/wiki/Robert_Stuart_(businessman);Robert_Stuart_(businessman)
Joseph C. Papa;https://en.wikipedia.org/wiki/Joseph_C._Papa;Joseph_C._Papa
Jan Carlzon;https://en.wikipedia.org/wiki/Jan_Carlzon;Jan_Carlzon
George James Tsunis;https://en.wikipedia.org/wiki/George_James_Tsunis;George_James_Tsunis
John Ross Bradfield;https://en.wikipedia.org/wiki/John_Ross_Bradfield;John_Ross_Bradfield
Michael Lomax;https://en.wikipedia.org/wiki/Michael_Lomax;Michael_Lomax
William F. Ruprecht;https://en.wikipedia.org/wiki/William_F._Ruprecht;William_F._Ruprecht
Thomas Watson;https://en.wikipedia.org/wiki/Thomas_Watson_Jr.;Thomas_Watson_Jr.
Ray Davis;https://en.wikipedia.org/wiki/Ray_Davis_(businessman);Ray_Davis_(businessman)
David S. Taylor;https://en.wikipedia.org/wiki/David_S._Taylor;David_S._Taylor
Ken May;https://en.wikipedia.org/wiki/Ken_May;Ken_May
Jonathan Hirtle;https://en.wikipedia.org/wiki/Jonathan_Hirtle;Jonathan_Hirtle
Kasper Rorsted;https://en.wikipedia.org/wiki/Kasper_R%C3%B8rsted;Kasper_R%C3%B8rsted
Tim Solso;https://en.wikipedia.org/wiki/Tim_Solso;Tim_Solso
Robert P. Kelly;https://en.wikipedia.org/wiki/Robert_P._Kelly;Robert_P._Kelly
Jeff Weiner;https://en.wikipedia.org/wiki/Jeff_Weiner;Jeff_Weiner
Angela Kerins;https://en.wikipedia.org/wiki/Angela_Kerins;Angela_Kerins
Martin Cooper;https://en.wikipedia.org/wiki/Martin_Cooper_(inventor);Martin_Cooper_(inventor)
Henry Lin Yu;https://en.wikipedia.org/wiki/Henry_Lin_Yu;Henry_Lin_Yu
Zion Kenan;https://en.wikipedia.org/wiki/Zion_Kenan;Zion_Kenan
Patricia A. Woertz;https://en.wikipedia.org/wiki/Patricia_A._Woertz;Patricia_A._Woertz
C Vijayakumar;https://en.wikipedia.org/wiki/C_Vijayakumar;C_Vijayakumar
Paul Reiche III;https://en.wikipedia.org/wiki/Paul_Reiche_III;Paul_Reiche_III
Daniel Dugléry;https://en.wikipedia.org/wiki/Daniel_Dugl%C3%A9ry;Daniel_Dugl%C3%A9ry
Jeffrey Grayson;https://en.wikipedia.org/wiki/Jeffrey_Grayson;Jeffrey_Grayson
Krishnakumar Natarajan;https://en.wikipedia.org/wiki/Krishnakumar_Natarajan;Krishnakumar_Natarajan
Lakshmi Mittal;https://en.wikipedia.org/wiki/Lakshmi_Mittal;Lakshmi_Mittal
Rob Lewis;https://en.wikipedia.org/wiki/Rob_Lewis_(entrepreneur);Rob_Lewis_(entrepreneur)
Gregory R. Page;https://en.wikipedia.org/wiki/Gregory_R._Page;Gregory_R._Page
Bernie Farber;https://en.wikipedia.org/wiki/Bernie_Farber;Bernie_Farber
Robert Chandran;https://en.wikipedia.org/wiki/Robert_Chandran;Robert_Chandran
Allan Moss;https://en.wikipedia.org/wiki/Allan_Moss;Allan_Moss
Scott Richter;https://en.wikipedia.org/wiki/Scott_Richter;Scott_Richter
James E. Burke;https://en.wikipedia.org/wiki/James_E._Burke;James_E._Burke
Tim Cook;https://en.wikipedia.org/wiki/Tim_Cook;Tim_Cook
Matthew Pittinsky;https://en.wikipedia.org/wiki/Matthew_Pittinsky;Matthew_Pittinsky
Avner Halperin;https://en.wikipedia.org/wiki/Avner_Halperin;Avner_Halperin
Chip Goodyear;https://en.wikipedia.org/wiki/Chip_Goodyear;Chip_Goodyear
Peter Chernin;https://en.wikipedia.org/wiki/Peter_Chernin;Peter_Chernin
William Perez;https://en.wikipedia.org/wiki/William_Perez;William_Perez
Luc Barthelet;https://en.wikipedia.org/wiki/Luc_Barthelet;Luc_Barthelet
Ed Colligan;https://en.wikipedia.org/wiki/Ed_Colligan;Ed_Colligan
John Fletcher;https://en.wikipedia.org/wiki/John_Fletcher_(businessman);John_Fletcher_(businessman)
David Johnson;https://en.wikipedia.org/wiki/David_Johnson_(company_director);David_Johnson_(company_director)
Mark William Graham Kerr;https://en.wikipedia.org/wiki/Mark_Kerr_(Royal_Navy_officer,_born_1949);Mark_Kerr_(Royal_Navy_officer,_born_1949)
Tom Leppert;https://en.wikipedia.org/wiki/Tom_Leppert;Tom_Leppert
Laura J. Alber;https://en.wikipedia.org/wiki/Laura_J._Alber;Laura_J._Alber
Lorenzo Grabau;https://en.wikipedia.org/wiki/Lorenzo_Grabau;Lorenzo_Grabau
James T. Prokopanko;https://en.wikipedia.org/wiki/James_T._Prokopanko;James_T._Prokopanko
David Vikøren;https://en.wikipedia.org/wiki/David_Vik%C3%B8ren;David_Vik%C3%B8ren
Tom Jenkins;https://en.wikipedia.org/wiki/Tom_Jenkins_(OpenText);Tom_Jenkins_(OpenText)
Jodi Cilley;https://en.wikipedia.org/wiki/Jodi_Cilley;Jodi_Cilley
Oswald Grübel;https://en.wikipedia.org/wiki/Oswald_Gr%C3%BCbel;Oswald_Gr%C3%BCbel
David Morgan;https://en.wikipedia.org/wiki/David_Morgan_(businessman);David_Morgan_(businessman)
Natarajan Chandrasekaran;https://en.wikipedia.org/wiki/Natarajan_Chandrasekaran;Natarajan_Chandrasekaran
Philippe Germain;https://en.wikipedia.org/wiki/Philippe_Germain;Philippe_Germain
Darell Hammond;https://en.wikipedia.org/wiki/Darell_Hammond;Darell_Hammond
Jeffrey Tessler;https://en.wikipedia.org/wiki/Jeffrey_Tessler;Jeffrey_Tessler
Michael Feldman;https://en.wikipedia.org/wiki/Michael_Feldman_(consultant);Michael_Feldman_(consultant)
Dave Serlo;https://en.wikipedia.org/wiki/Dave_Serlo;Dave_Serlo
G. Jason Bergenske;https://en.wikipedia.org/wiki/G._Jason_Bergenske;G._Jason_Bergenske
Giannis Vardinogiannis;https://en.wikipedia.org/wiki/Giannis_Vardinogiannis;Giannis_Vardinogiannis
Masayoshi Son;https://en.wikipedia.org/wiki/Masayoshi_Son;Masayoshi_Son
Zong Qinghou;https://en.wikipedia.org/wiki/Zong_Qinghou;Zong_Qinghou
Geoff Polites;https://en.wikipedia.org/wiki/Geoff_Polites;Geoff_Polites
Evan G. Greenberg;https://en.wikipedia.org/wiki/Evan_G._Greenberg;Evan_G._Greenberg
John E. Rooney;https://en.wikipedia.org/wiki/John_E._Rooney_(businessman);John_E._Rooney_(businessman)
Asad Umar;https://en.wikipedia.org/wiki/Asad_Umar;Asad_Umar
David Shiffman;https://en.wikipedia.org/wiki/David_Shiffman;David_Shiffman
Tom McKillop;https://en.wikipedia.org/wiki/Tom_McKillop;Tom_McKillop
William Agee;https://en.wikipedia.org/wiki/William_Agee;William_Agee
Robert Ayling;https://en.wikipedia.org/wiki/Robert_Ayling;Robert_Ayling
Alan Fine;https://en.wikipedia.org/wiki/Alan_Fine_(executive);Alan_Fine_(executive)
Joshua Ferraro;https://en.wikipedia.org/wiki/Joshua_Ferraro;Joshua_Ferraro
Noam Lanir;https://en.wikipedia.org/wiki/Noam_Lanir;Noam_Lanir
Itzik Kornfein;https://en.wikipedia.org/wiki/Itzik_Kornfein;Itzik_Kornfein
Elie Tahari;https://en.wikipedia.org/wiki/Elie_Tahari;Elie_Tahari
Vijay K. Thadani;https://en.wikipedia.org/wiki/Vijay_K._Thadani;Vijay_K._Thadani
Roy Abernethy;https://en.wikipedia.org/wiki/Roy_Abernethy;Roy_Abernethy
Pete Ashdown;https://en.wikipedia.org/wiki/Pete_Ashdown;Pete_Ashdown
Cindy Cohn;https://en.wikipedia.org/wiki/Cindy_Cohn;Cindy_Cohn
Sam Walsh;https://en.wikipedia.org/wiki/Sam_Walsh_(businessman);Sam_Walsh_(businessman)
Amos Manor;https://en.wikipedia.org/wiki/Amos_Manor;Amos_Manor
Jorma Ollila;https://en.wikipedia.org/wiki/Jorma_Ollila;Jorma_Ollila
Ros Simmons;https://en.wikipedia.org/wiki/Ros_Simmons;Ros_Simmons
Dave Lewis;https://en.wikipedia.org/wiki/Dave_Lewis_(businessman);Dave_Lewis_(businessman)
Oleg Belozyorov;https://en.wikipedia.org/wiki/Oleg_Belozyorov;Oleg_Belozyorov
Larry Merlo;https://en.wikipedia.org/wiki/Larry_Merlo;Larry_Merlo
Peder Tuborgh;https://en.wikipedia.org/wiki/Peder_Tuborgh;Peder_Tuborgh
Ronald L. Turner;https://en.wikipedia.org/wiki/Ronald_L._Turner;Ronald_L._Turner
Karl-Johan Persson;https://en.wikipedia.org/wiki/Karl-Johan_Persson;Karl-Johan_Persson
Greg Creed;https://en.wikipedia.org/wiki/Greg_Creed;Greg_Creed
Joe Clayton;https://en.wikipedia.org/wiki/Joe_Clayton;Joe_Clayton
Patricia Russo;https://en.wikipedia.org/wiki/Patricia_Russo;Patricia_Russo
Fritz Gajewski;https://en.wikipedia.org/wiki/Fritz_Gajewski;Fritz_Gajewski
Thierry Magon de La Villehuchet;https://en.wikipedia.org/wiki/Thierry_Magon_de_La_Villehuchet;Thierry_Magon_de_La_Villehuchet
Patrik Selin;https://en.wikipedia.org/wiki/Patrik_Selin;Patrik_Selin
Phuti Mahanyele;https://en.wikipedia.org/wiki/Phuti_Mahanyele;Phuti_Mahanyele
Jim Turley;https://en.wikipedia.org/wiki/Jim_Turley;Jim_Turley
Alexander Kummant;https://en.wikipedia.org/wiki/Alexander_Kummant;Alexander_Kummant
Axel Miller;https://en.wikipedia.org/wiki/Axel_Miller;Axel_Miller
Jean-Paul Agon;https://en.wikipedia.org/wiki/Jean-Paul_Agon;Jean-Paul_Agon
Ariel Atias;https://en.wikipedia.org/wiki/Ariel_Atias;Ariel_Atias
Judith R. Faulkner;https://en.wikipedia.org/wiki/Judith_Faulkner;Judith_Faulkner
Kevin Johnson;https://en.wikipedia.org/wiki/Kevin_Johnson_(executive);Kevin_Johnson_(executive)
Bill Gates;https://en.wikipedia.org/wiki/Bill_Gates;Bill_Gates
Alex Algard;https://en.wikipedia.org/wiki/Alex_Algard;Alex_Algard
Kendra Scott;https://en.wikipedia.org/wiki/Kendra_Scott;Kendra_Scott
John Baker;https://en.wikipedia.org/wiki/John_Baker_(entrepreneur);John_Baker_(entrepreneur)
François Dalle;https://en.wikipedia.org/wiki/Fran%C3%A7ois_Dalle;Fran%C3%A7ois_Dalle
Kumar Mangalam Birla;https://en.wikipedia.org/wiki/Kumar_Mangalam_Birla;Kumar_Mangalam_Birla
Frank Fertitta III;https://en.wikipedia.org/wiki/Frank_Fertitta_III;Frank_Fertitta_III
Tom Glocer;https://en.wikipedia.org/wiki/Tom_Glocer;Tom_Glocer
Sergio Marchionne;https://en.wikipedia.org/wiki/Sergio_Marchionne;Sergio_Marchionne
Jay S. Fishman;https://en.wikipedia.org/wiki/Jay_S._Fishman;Jay_S._Fishman
Simo "Sipe" Santapukki;https://en.wikipedia.org/wiki/Sipe_Santapukki;Sipe_Santapukki
Andrew Puzder;https://en.wikipedia.org/wiki/Andrew_Puzder;Andrew_Puzder
Börje Ekholm;https://en.wikipedia.org/wiki/B%C3%B6rje_Ekholm;B%C3%B6rje_Ekholm
Clara Furse;https://en.wikipedia.org/wiki/Clara_Furse;Clara_Furse
Kendall D. Garff;https://en.wikipedia.org/wiki/Kendall_D._Garff;Kendall_D._Garff
Robert Kraft;https://en.wikipedia.org/wiki/Robert_Kraft;Robert_Kraft
Søren Skou;https://en.wikipedia.org/wiki/S%C3%B8ren_Skou;S%C3%B8ren_Skou
Amra Beganovich;https://en.wikipedia.org/wiki/Amra_Beganovich;Amra_Beganovich
Mark C. Smith;https://en.wikipedia.org/wiki/Mark_C._Smith;Mark_C._Smith
Louis Reijtenbagh;https://en.wikipedia.org/wiki/Louis_Reijtenbagh;Louis_Reijtenbagh
Sandra Navidi;https://en.wikipedia.org/wiki/Sandra_Navidi;Sandra_Navidi
Rainer Schaller;https://en.wikipedia.org/wiki/Rainer_Schaller;Rainer_Schaller
Dick Costolo;https://en.wikipedia.org/wiki/Dick_Costolo;Dick_Costolo
Gilbert Degrémont;https://en.wikipedia.org/wiki/Gilbert_Degr%C3%A9mont;Gilbert_Degr%C3%A9mont
Rebecca Jackson;https://en.wikipedia.org/wiki/Rebecca_Jackson;Rebecca_Jackson
Mario A. Rivas;https://en.wikipedia.org/wiki/Mario_Rivas;Mario_Rivas
Inge Thulin;https://en.wikipedia.org/wiki/Inge_Thulin;Inge_Thulin
Jackie Hunter;https://en.wikipedia.org/wiki/Jackie_Hunter;Jackie_Hunter
Leslie Moonves;https://en.wikipedia.org/wiki/Leslie_Moonves;Leslie_Moonves
Bob Dudley;https://en.wikipedia.org/wiki/Bob_Dudley;Bob_Dudley
Yulia Shamalov-Berkovich;https://en.wikipedia.org/wiki/Yulia_Shamalov-Berkovich;Yulia_Shamalov-Berkovich
Stjepan Đureković;https://en.wikipedia.org/wiki/Stjepan_%C4%90urekovi%C4%87;Stjepan_%C4%90urekovi%C4%87
Arte Moreno;https://en.wikipedia.org/wiki/Arte_Moreno;Arte_Moreno
John Morgridge;https://en.wikipedia.org/wiki/John_Morgridge;John_Morgridge
Charlie Bell;https://en.wikipedia.org/wiki/Charlie_Bell_(businessman);Charlie_Bell_(businessman)
John W. Thompson;https://en.wikipedia.org/wiki/John_W._Thompson;John_W._Thompson
Jun Lozada;https://en.wikipedia.org/wiki/Jun_Lozada;Jun_Lozada
Claes Dahlbäck;https://en.wikipedia.org/wiki/Claes_Dahlb%C3%A4ck;Claes_Dahlb%C3%A4ck
Magdalena Martullo-Blocher;https://en.wikipedia.org/wiki/Magdalena_Martullo-Blocher;Magdalena_Martullo-Blocher
Scott Lenet;https://en.wikipedia.org/wiki/Scott_Lenet;Scott_Lenet
Augustin de Romanet;https://en.wikipedia.org/wiki/Augustin_de_Romanet_de_Beaune;Augustin_de_Romanet_de_Beaune
Samir Khan;https://en.wikipedia.org/wiki/Samir_Khan;Samir_Khan
Guy Oseary;https://en.wikipedia.org/wiki/Guy_Oseary;Guy_Oseary
Mark Tucker;https://en.wikipedia.org/wiki/Mark_Tucker_(business);Mark_Tucker_(business)
John C. Martin;https://en.wikipedia.org/wiki/John_C._Martin_(businessman);John_C._Martin_(businessman)
Vinita Gupta;https://en.wikipedia.org/wiki/Vinita_Gupta;Vinita_Gupta
Geoff Dixon;https://en.wikipedia.org/wiki/Geoff_Dixon;Geoff_Dixon
Gregg Steinhafel;https://en.wikipedia.org/wiki/Gregg_Steinhafel;Gregg_Steinhafel
Mallika Srinivasan;https://en.wikipedia.org/wiki/Mallika_Srinivasan;Mallika_Srinivasan
Joel Landau (rabbi);https://en.wikipedia.org/wiki/Joel_Landau_(rabbi);Joel_Landau_(rabbi)
Andrew Rosen;https://en.wikipedia.org/wiki/Andrew_S._Rosen;Andrew_S._Rosen
David J. Lesar;https://en.wikipedia.org/wiki/David_J._Lesar;David_J._Lesar
Christophe Cuvillier;https://en.wikipedia.org/wiki/Christophe_Cuvillier;Christophe_Cuvillier
Oxxxymiron;https://en.wikipedia.org/wiki/Oxxxymiron;Oxxxymiron
Andrew Miller;https://en.wikipedia.org/wiki/Andrew_Miller_(executive);Andrew_Miller_(executive)
Heidrun Mohr-Mayer;https://en.wikipedia.org/wiki/Heidrun_Mohr-Mayer;Heidrun_Mohr-Mayer
Rowland Hussey Macy;https://en.wikipedia.org/wiki/Rowland_Hussey_Macy;Rowland_Hussey_Macy
Olav Fjell;https://en.wikipedia.org/wiki/Olav_Fjell;Olav_Fjell
James H. Kindelberger;https://en.wikipedia.org/wiki/James_H._Kindelberger;James_H._Kindelberger
Hiroaki Nakanishi;https://en.wikipedia.org/wiki/Hiroaki_Nakanishi;Hiroaki_Nakanishi
Patricia Harris;https://en.wikipedia.org/wiki/Patricia_Harris;Patricia_Harris
Lloyd Carney;https://en.wikipedia.org/wiki/Lloyd_Carney;Lloyd_Carney
Jeff Bowler;https://en.wikipedia.org/wiki/Jeff_Bowler;Jeff_Bowler
Marc Lasry;https://en.wikipedia.org/wiki/Marc_Lasry;Marc_Lasry
Kevin Payne;https://en.wikipedia.org/wiki/Kevin_Payne_(soccer);Kevin_Payne_(soccer)
Bernard Tyson;https://en.wikipedia.org/wiki/Bernard_Tyson;Bernard_Tyson
Romain Grau;https://en.wikipedia.org/wiki/Romain_Grau;Romain_Grau
Martin Nesbitt;https://en.wikipedia.org/wiki/Martin_Nesbitt_(businessman);Martin_Nesbitt_(businessman)
Jørgen Lindegaard;https://en.wikipedia.org/wiki/J%C3%B8rgen_Lindegaard;J%C3%B8rgen_Lindegaard
Mario Longhi;https://en.wikipedia.org/wiki/Mario_Longhi;Mario_Longhi
Jeremy Jacobs;https://en.wikipedia.org/wiki/Jeremy_Jacobs;Jeremy_Jacobs
Scott Livengood;https://en.wikipedia.org/wiki/Scott_Livengood;Scott_Livengood
Jim Skinner;https://en.wikipedia.org/wiki/James_A._Skinner;James_A._Skinner
James M. Kilts;https://en.wikipedia.org/wiki/James_M._Kilts;James_M._Kilts
Dieter Zetsche;https://en.wikipedia.org/wiki/Dieter_Zetsche;Dieter_Zetsche
Laurence D. Fink;https://en.wikipedia.org/wiki/Laurence_D._Fink;Laurence_D._Fink
Gwyneth Paltrow;https://en.wikipedia.org/wiki/Gwyneth_Paltrow;Gwyneth_Paltrow
Pieter Pauw;https://en.wikipedia.org/wiki/Pieter_Pauw;Pieter_Pauw
Serge Adda;https://en.wikipedia.org/wiki/Serge_Adda;Serge_Adda
Jerry Tardieu;https://en.wikipedia.org/wiki/Jerry_Tardieu;Jerry_Tardieu
Chuck Robbins;https://en.wikipedia.org/wiki/Chuck_Robbins;Chuck_Robbins
Rajesh Gopinathan;https://en.wikipedia.org/wiki/Rajesh_Gopinathan;Rajesh_Gopinathan
Joshua Shemer;https://en.wikipedia.org/wiki/Joshua_Shemer;Joshua_Shemer
Morry Taylor;https://en.wikipedia.org/wiki/Morry_Taylor;Morry_Taylor
Åke Rusck;https://en.wikipedia.org/wiki/%C3%85ke_Rusck;%C3%85ke_Rusck
Rod Canion;https://en.wikipedia.org/wiki/Rod_Canion;Rod_Canion
Zvi Zamir;https://en.wikipedia.org/wiki/Zvi_Zamir;Zvi_Zamir
Indra Nooyi;https://en.wikipedia.org/wiki/Indra_Nooyi;Indra_Nooyi
Nick Fry;https://en.wikipedia.org/wiki/Nick_Fry;Nick_Fry
Shai Agassi;https://en.wikipedia.org/wiki/Shai_Agassi;Shai_Agassi
Usher Morgan;https://en.wikipedia.org/wiki/Usher_Morgan;Usher_Morgan
Dennis Woodside;https://en.wikipedia.org/wiki/Dennis_Woodside;Dennis_Woodside
Ron Pundak;https://en.wikipedia.org/wiki/Ron_Pundak;Ron_Pundak
Greg Brown;https://en.wikipedia.org/wiki/Greg_Brown_(businessman);Greg_Brown_(businessman)
Gabriele Galateri di Genola;https://en.wikipedia.org/wiki/Gabriele_Galateri_di_Genola;Gabriele_Galateri_di_Genola
Michael Sandberg, Baron Sandberg;https://en.wikipedia.org/wiki/Michael_Sandberg,_Baron_Sandberg;Michael_Sandberg,_Baron_Sandberg
Aleksi Bardy;https://en.wikipedia.org/wiki/Aleksi_Bardy;Aleksi_Bardy
T. J. Rodgers;https://en.wikipedia.org/wiki/T._J._Rodgers;T._J._Rodgers
Vibeke Hammer Madsen;https://en.wikipedia.org/wiki/Vibeke_Hammer_Madsen;Vibeke_Hammer_Madsen
Suhas Gopinath;https://en.wikipedia.org/wiki/Suhas_Gopinath;Suhas_Gopinath
Anant Gupta;https://en.wikipedia.org/wiki/Anant_Gupta;Anant_Gupta
Vijay Shekhar Sharma;https://en.wikipedia.org/wiki/Vijay_Shekhar_Sharma;Vijay_Shekhar_Sharma
Hermann Schmitz;https://en.wikipedia.org/wiki/Hermann_Schmitz;Hermann_Schmitz
Emerson Spartz;https://en.wikipedia.org/wiki/Emerson_Spartz;Emerson_Spartz
Eli Driks;https://en.wikipedia.org/wiki/Eli_Driks;Eli_Driks
Donald E. Graham;https://en.wikipedia.org/wiki/Donald_E._Graham;Donald_E._Graham
Dean Werries;https://en.wikipedia.org/wiki/Dean_Werries;Dean_Werries
Naftali Bennett;https://en.wikipedia.org/wiki/Naftali_Bennett;Naftali_Bennett
Richard Edmund Lyng;https://en.wikipedia.org/wiki/Richard_Edmund_Lyng;Richard_Edmund_Lyng
Olli-Pekka Kallasvuo;https://en.wikipedia.org/wiki/Olli-Pekka_Kallasvuo;Olli-Pekka_Kallasvuo
Michael Capellas;https://en.wikipedia.org/wiki/Michael_Capellas;Michael_Capellas
Jon Stephenson von Tetzchner;https://en.wikipedia.org/wiki/Jon_Stephenson_von_Tetzchner;Jon_Stephenson_von_Tetzchner
Bobby Gafur Umar;https://en.wikipedia.org/wiki/Bobby_Gafur_Umar;Bobby_Gafur_Umar
Anil Ambani;https://en.wikipedia.org/wiki/Anil_Ambani;Anil_Ambani
Suran Dickson;https://en.wikipedia.org/wiki/Suran_Dickson;Suran_Dickson
Neville Purvis;https://en.wikipedia.org/wiki/Neville_Purvis;Neville_Purvis
Muzzammil Hassan;https://en.wikipedia.org/wiki/Muzzammil_Hassan;Muzzammil_Hassan
Alex Wilcox;https://en.wikipedia.org/wiki/Alex_Wilcox;Alex_Wilcox
Del Yocam;https://en.wikipedia.org/wiki/Del_Yocam;Del_Yocam
Lei Jun;https://en.wikipedia.org/wiki/Lei_Jun;Lei_Jun
Ginni Rometty;https://en.wikipedia.org/wiki/Ginni_Rometty;Ginni_Rometty
Peter Holt;https://en.wikipedia.org/wiki/Peter_Holt;Peter_Holt
Carlos Torres Vila;https://en.wikipedia.org/wiki/Carlos_Torres_Vila_(banker);Carlos_Torres_Vila_(banker)
Levy Gerzberg;https://en.wikipedia.org/wiki/Levy_Gerzberg;Levy_Gerzberg
Stephen Cooper;https://en.wikipedia.org/wiki/Stephen_Cooper_(businessman);Stephen_Cooper_(businessman)
Bill Stromberg;https://en.wikipedia.org/wiki/Bill_Stromberg;Bill_Stromberg
John Mackey;https://en.wikipedia.org/wiki/John_Mackey_(businessman);John_Mackey_(businessman)
Håkan Samuelsson;https://en.wikipedia.org/wiki/H%C3%A5kan_Samuelsson;H%C3%A5kan_Samuelsson
Prince Maximilian of Liechtenstein;https://en.wikipedia.org/wiki/Prince_Maximilian_of_Liechtenstein;Prince_Maximilian_of_Liechtenstein
Vardis Vardinogiannis;https://en.wikipedia.org/wiki/Vardis_Vardinogiannis;Vardis_Vardinogiannis
Gail Kelly;https://en.wikipedia.org/wiki/Gail_Kelly;Gail_Kelly
Paul Dolan;https://en.wikipedia.org/wiki/Paul_Dolan_(baseball);Paul_Dolan_(baseball)
Robert L. Johnson;https://en.wikipedia.org/wiki/Robert_L._Johnson;Robert_L._Johnson
Dahlan Iskan;https://en.wikipedia.org/wiki/Dahlan_Iskan;Dahlan_Iskan
Shabtai Shikhman;https://en.wikipedia.org/wiki/Shabtai_Shikhman;Shabtai_Shikhman
Vikas Kapoor;https://en.wikipedia.org/wiki/Vikas_Kapoor;Vikas_Kapoor
Mona Scott;https://en.wikipedia.org/wiki/Mona_Scott-Young;Mona_Scott-Young
Tony Fernandes;https://en.wikipedia.org/wiki/Tony_Fernandes;Tony_Fernandes
Dylan Taylor;https://en.wikipedia.org/wiki/Dylan_Taylor_(executive);Dylan_Taylor_(executive)
Sim Wong Hoo;https://en.wikipedia.org/wiki/Sim_Wong_Hoo;Sim_Wong_Hoo
Julia Stewart;https://en.wikipedia.org/wiki/Julia_Stewart_(businesswoman);Julia_Stewart_(businesswoman)
George Warrington;https://en.wikipedia.org/wiki/George_Warrington;George_Warrington
Charles E. F. Millard;https://en.wikipedia.org/wiki/Charles_E._F._Millard;Charles_E._F._Millard
Gideon Gono;https://en.wikipedia.org/wiki/Gideon_Gono;Gideon_Gono
Diego Della Valle;https://en.wikipedia.org/wiki/Diego_Della_Valle;Diego_Della_Valle
Mitchell Baker;https://en.wikipedia.org/wiki/Mitchell_Baker;Mitchell_Baker
Johann-Dietrich Wörner;https://en.wikipedia.org/wiki/Johann-Dietrich_W%C3%B6rner;Johann-Dietrich_W%C3%B6rner
Tadashi Yanai;https://en.wikipedia.org/wiki/Tadashi_Yanai;Tadashi_Yanai
Roomi S. Hayat;https://en.wikipedia.org/wiki/Roomi_S._Hayat;Roomi_S._Hayat
Dominic D'Alessandro;https://en.wikipedia.org/wiki/Dominic_D%27Alessandro;Dominic_D%27Alessandro
Terry McBride;https://en.wikipedia.org/wiki/Terry_McBride_(CEO);Terry_McBride_(CEO)
Peng Lei;https://en.wikipedia.org/wiki/Peng_Lei;Peng_Lei
Lawrence Roberts;https://en.wikipedia.org/wiki/Lawrence_Roberts_(scientist);Lawrence_Roberts_(scientist)
Pehr Gyllenhammar;https://en.wikipedia.org/wiki/Pehr_Gyllenhammar;Pehr_Gyllenhammar
Tony Hsieh;https://en.wikipedia.org/wiki/Tony_Hsieh;Tony_Hsieh
Cathy Zoi;https://en.wikipedia.org/wiki/Cathy_Zoi;Cathy_Zoi
Warren Buffett;https://en.wikipedia.org/wiki/Warren_Buffett;Warren_Buffett
Michael Overs;https://en.wikipedia.org/wiki/Michael_Overs;Michael_Overs
Dave Deno;https://en.wikipedia.org/wiki/Dave_Deno;Dave_Deno
Linh Nga;https://en.wikipedia.org/wiki/Linh_Nga;Linh_Nga
Manuel Vicente;https://en.wikipedia.org/wiki/Manuel_Vicente;Manuel_Vicente
Shantanu Narayen;https://en.wikipedia.org/wiki/Shantanu_Narayen;Shantanu_Narayen
Nancy Glass;https://en.wikipedia.org/wiki/Nancy_Glass;Nancy_Glass
John Lilly;https://en.wikipedia.org/wiki/John_Lilly_(computer_scientist);John_Lilly_(computer_scientist)
Ross McEwan;https://en.wikipedia.org/wiki/Ross_McEwan;Ross_McEwan
David Thodey;https://en.wikipedia.org/wiki/David_Thodey;David_Thodey
Roger King;https://en.wikipedia.org/wiki/Roger_King_(producer);Roger_King_(producer)
Jeff Clarke;https://en.wikipedia.org/wiki/Jeff_Clarke_(businessman);Jeff_Clarke_(businessman)
Mamoru Imura;https://en.wikipedia.org/wiki/Mamoru_Imura;Mamoru_Imura
Fong Chi Chung;https://en.wikipedia.org/wiki/Fong_Chi_Chung;Fong_Chi_Chung
Gertrud Åström;https://en.wikipedia.org/wiki/Gertrud_%C3%85str%C3%B6m;Gertrud_%C3%85str%C3%B6m
Carol Bartz;https://en.wikipedia.org/wiki/Carol_Bartz;Carol_Bartz
Marcus Aurélio;https://en.wikipedia.org/wiki/Marcus_Aur%C3%A9lio;Marcus_Aur%C3%A9lio
Yael Cohen Paran;https://en.wikipedia.org/wiki/Yael_Cohen_Paran;Yael_Cohen_Paran
Richard Moat;https://en.wikipedia.org/wiki/Richard_Moat;Richard_Moat
Halfdan T. Mahler;https://en.wikipedia.org/wiki/Halfdan_T._Mahler;Halfdan_T._Mahler
Azran Osman Rani;https://en.wikipedia.org/wiki/Azran_Osman_Rani;Azran_Osman_Rani
Sunil Mittal;https://en.wikipedia.org/wiki/Sunil_Mittal;Sunil_Mittal
Col Needham;https://en.wikipedia.org/wiki/Col_Needham;Col_Needham
Gustave Mesureur;https://en.wikipedia.org/wiki/Gustave_Mesureur;Gustave_Mesureur
John Smith;https://en.wikipedia.org/wiki/John_Smith_(BBC_executive);John_Smith_(BBC_executive)
Alan Joyce;https://en.wikipedia.org/wiki/Alan_Joyce_(executive);Alan_Joyce_(executive)
Saurabh Uboweja;https://en.wikipedia.org/wiki/Saurabh_Uboweja;Saurabh_Uboweja
Jim Cantalupo;https://en.wikipedia.org/wiki/Jim_Cantalupo;Jim_Cantalupo
Alex Garden;https://en.wikipedia.org/wiki/Alex_Garden;Alex_Garden
Sheri L. Dew;https://en.wikipedia.org/wiki/Sheri_L._Dew;Sheri_L._Dew
James E. Thompson;https://en.wikipedia.org/wiki/James_E._Thompson;James_E._Thompson
Emmanuel Roman;https://en.wikipedia.org/wiki/Emmanuel_Roman;Emmanuel_Roman
Lindiwe Majele Sibanda;https://en.wikipedia.org/wiki/Lindiwe_Majele_Sibanda;Lindiwe_Majele_Sibanda
Billy Eppler;https://en.wikipedia.org/wiki/Billy_Eppler;Billy_Eppler
Frank Shrontz;https://en.wikipedia.org/wiki/Frank_Shrontz;Frank_Shrontz
Andrew Mackenzie;https://en.wikipedia.org/wiki/Andrew_Stewart_Mackenzie;Andrew_Stewart_Mackenzie
Harald Krüger;https://en.wikipedia.org/wiki/Harald_Kr%C3%BCger;Harald_Kr%C3%BCger
Omar Ahmad;https://en.wikipedia.org/wiki/Omar_Ahmad_(politician);Omar_Ahmad_(politician)
Jason Kothari;https://en.wikipedia.org/wiki/Jason_Kothari;Jason_Kothari
Thierry Breton;https://en.wikipedia.org/wiki/Thierry_Breton;Thierry_Breton
Roger Smith;https://en.wikipedia.org/wiki/Roger_Smith_(executive);Roger_Smith_(executive)
Phillip R. Bennett;https://en.wikipedia.org/wiki/Phillip_R._Bennett;Phillip_R._Bennett
Devin Wenig;https://en.wikipedia.org/wiki/Devin_Wenig;Devin_Wenig
Nayla Hayek;https://en.wikipedia.org/wiki/Nayla_Hayek;Nayla_Hayek
John M. Budd;https://en.wikipedia.org/wiki/John_M._Budd;John_M._Budd
Helene D. Gayle;https://en.wikipedia.org/wiki/Helene_D._Gayle;Helene_D._Gayle
David L. Gunn;https://en.wikipedia.org/wiki/David_L._Gunn;David_L._Gunn
Ho Ching;https://en.wikipedia.org/wiki/Ho_Ching;Ho_Ching
Leonidas Chantzaras;https://en.wikipedia.org/wiki/Leonidas_Chantzaras;Leonidas_Chantzaras
Philip J. Purcell;https://en.wikipedia.org/wiki/Philip_J._Purcell;Philip_J._Purcell
Ted J. Kleisner;https://en.wikipedia.org/wiki/Ted_J._Kleisner;Ted_J._Kleisner
Paul Segre;https://en.wikipedia.org/wiki/Paul_Segre;Paul_Segre
Antoine Frérot;https://en.wikipedia.org/wiki/Antoine_Fr%C3%A9rot;Antoine_Fr%C3%A9rot
William Poduska;https://en.wikipedia.org/wiki/William_Poduska;William_Poduska
Robert J. Stevens;https://en.wikipedia.org/wiki/Robert_J._Stevens;Robert_J._Stevens
Ian Ayre;https://en.wikipedia.org/wiki/Ian_Ayre;Ian_Ayre
Thorry Kiær;https://en.wikipedia.org/wiki/Thorry_Ki%C3%A6r;Thorry_Ki%C3%A6r
Heinrich von Pierer;https://en.wikipedia.org/wiki/Heinrich_von_Pierer;Heinrich_von_Pierer
Daniel Yohannes;https://en.wikipedia.org/wiki/Daniel_Yohannes;Daniel_Yohannes
Frank Rosenthal;https://en.wikipedia.org/wiki/Frank_Rosenthal;Frank_Rosenthal
Felipe Gozon;https://en.wikipedia.org/wiki/Felipe_Gozon;Felipe_Gozon
Alfredo Sáenz Abad;https://en.wikipedia.org/wiki/Alfredo_S%C3%A1enz_Abad;Alfredo_S%C3%A1enz_Abad
Ilan Yeshua;https://en.wikipedia.org/wiki/Ilan_Yeshua;Ilan_Yeshua
Alan H. Fishman;https://en.wikipedia.org/wiki/Alan_H._Fishman;Alan_H._Fishman
Cyrus Rowlett Smith;https://en.wikipedia.org/wiki/C._R._Smith;C._R._Smith
Tim Collins;https://en.wikipedia.org/wiki/Tim_Collins_(financier);Tim_Collins_(financier)
Vladimir Lisin;https://en.wikipedia.org/wiki/Vladimir_Lisin;Vladimir_Lisin
Alan Sears;https://en.wikipedia.org/wiki/Alan_Sears;Alan_Sears
G. Michael Brown;https://en.wikipedia.org/wiki/G._Michael_Brown;G._Michael_Brown
Joan Gamper;https://en.wikipedia.org/wiki/Joan_Gamper;Joan_Gamper
Mike Norris;https://en.wikipedia.org/wiki/Mike_Norris_(businessman);Mike_Norris_(businessman)
Aelius Everardus Vorstius;https://en.wikipedia.org/wiki/Aelius_Everhardus_Vorstius;Aelius_Everhardus_Vorstius
Henrik Fisker;https://en.wikipedia.org/wiki/Henrik_Fisker;Henrik_Fisker
Steven A. Kandarian;https://en.wikipedia.org/wiki/Steven_A._Kandarian;Steven_A._Kandarian
Vladislav Doronin;https://en.wikipedia.org/wiki/Vladislav_Doronin;Vladislav_Doronin
Randall L. Stephenson;https://en.wikipedia.org/wiki/Randall_L._Stephenson;Randall_L._Stephenson
Evangelos Mytilineos;https://en.wikipedia.org/wiki/Evangelos_Mytilineos;Evangelos_Mytilineos
Simen Lieungh;https://en.wikipedia.org/wiki/Simen_Lieungh;Simen_Lieungh
Matti Schreck;https://en.wikipedia.org/wiki/Matti_Schreck;Matti_Schreck
Ian McLeod;https://en.wikipedia.org/wiki/Ian_McLeod_(businessman);Ian_McLeod_(businessman)
Ignazio Vella;https://en.wikipedia.org/wiki/Ignazio_Vella;Ignazio_Vella
Nguyen Thi Phuong Thao;https://en.wikipedia.org/wiki/Nguyen_Thi_Phuong_Thao;Nguyen_Thi_Phuong_Thao
